Invoice_ID,Vendor,Invoice_Date,Due_Date,Project_ID,GL_Account,Amount_Before_Tax,Tax_Jurisdiction,Tax_Amount,Total_Invoice_Amount,Paid_Flag,Paid_Date,Expected_Total,Total_Mismatch_Flag,Unpaid_AsOfYE,AP_Match_Key,Bank_Match_Status,amount_mismatch,missing_in_GL,late_posting,duplicate_invoice_number,mode_gl,unusual_GL_account,risk_score,risk_level
INV2025-0012,Gulf Coast Telecom,2025-08-06,2025-09-05,PRJ-1001,5300-Equipment-Rental,10181.18,Orange,661.78,10842.96,False,,10842.96,False,True,Gulf Coast Telecom|-10842.96,Unpaid,False,False,True,False,5300-Equipment-Rental,False,15,Low (5–15%)
INV2025-0044,BrightPower Partners,2025-10-31,2025-12-15,PRJ-1001,9999-Suspense,14178.19,Pinellas,992.47,15170.66,False,,15170.66,False,True,BrightPower Partners|-15170.66,Unpaid,False,False,True,False,5100-Materials,True,40,Medium (20–40%)
INV2025-0095,Tampa Grid Services,2025-05-31,2025-06-30,PRJ-1001,5100-Materials,3279.88,Other_FL,196.79,3476.67,False,,3476.67,False,True,Tampa Grid Services|-3476.67,Unpaid,False,False,True,False,5100-Materials,False,15,Low (5–15%)
INV2025-0104,Peak Materials Supply,2025-12-27,2026-02-10,PRJ-1001,5200-Subcontractors,17185.47,Pinellas,1202.98,18388.45,False,,18388.45,False,True,Peak Materials Supply|-18388.45,Unpaid,False,False,False,False,5200-Subcontractors,False,5,Low (5–15%)
INV2025-0112,Bay Area Rentals,2025-01-28,2025-03-14,PRJ-1001,5300-Equipment-Rental,24372.67,Orange,1584.22,25956.89,False,,25956.89,False,True,Bay Area Rentals|-25956.89,Unpaid,False,False,True,False,5300-Equipment-Rental,False,15,Low (5–15%)
INV2025-0128,Gulf Coast Telecom,2025-12-01,2026-01-15,PRJ-1001,5300-Equipment-Rental,22651.89,Other_FL,1359.11,24011.0,False,,24011.0,False,True,Gulf Coast Telecom|-24011,Unpaid,False,False,False,False,5300-Equipment-Rental,False,5,Low (5–15%)
INV2025-0152,Gulf Coast Telecom,2025-08-11,2025-09-10,PRJ-1001,5300-Equipment-Rental,14611.96,Pinellas,1022.84,15634.8,False,,15634.8,False,True,Gulf Coast Telecom|-15634.8,Unpaid,False,False,True,False,5300-Equipment-Rental,False,15,Low (5–15%)
INV2025-0201,Sunshine Equipment,2025-04-30,2025-06-14,PRJ-1001,5300-Equipment-Rental,24084.91,Orange,1565.52,25650.43,False,,25650.43,False,True,Sunshine Equipment|-25650.43,Unpaid,False,False,True,False,5300-Equipment-Rental,False,15,Low (5–15%)
INV2025-0202,Tri-County Services,2025-07-01,2025-07-31,PRJ-1001,5300-Equipment-Rental,7682.12,Orange,499.34,8181.46,False,,8181.46,False,True,Tri-County Services|-8181.46,Unpaid,False,False,True,False,5100-Materials,True,40,Medium (20–40%)
INV2025-0210,Tri-County Services,2025-08-23,2025-09-22,PRJ-1001,5200-Subcontractors,3740.77,Other_FL,224.45,3965.22,False,,3965.22,False,True,Tri-County Services|-3965.22,Unpaid,False,False,True,False,5100-Materials,True,40,Medium (20–40%)
INV2025-0221,Tri-County Services,2025-12-31,2026-02-14,PRJ-1001,5100-Materials,15771.65,Hillsborough,1182.87,16954.52,False,,16954.52,False,True,Tri-County Services|-16954.52,Unpaid,False,False,False,False,5100-Materials,False,5,Low (5–15%)
INV2025-0228,Tidal Contractors,2025-02-16,2025-04-02,PRJ-1001,5300-Equipment-Rental,14912.46,Orange,969.31,15881.77,False,,15881.77,False,True,Tidal Contractors|-15881.77,Unpaid,False,False,True,False,2100-AP-Trade,True,40,Medium (20–40%)
INV2025-0239,Sunshine Equipment,2025-12-25,2026-01-24,PRJ-1001,5300-Equipment-Rental,18440.66,Other_FL,1106.44,19547.79,False,,19547.1,True,True,Sunshine Equipment|-19547.79,Unpaid,False,False,False,False,5300-Equipment-Rental,False,5,Low (5–15%)
INV2025-0254,Tidal Contractors,2025-11-24,2026-01-08,PRJ-1001,5200-Subcontractors,1695.2,Pinellas,118.66,1814.67,False,,1813.86,True,True,Tidal Contractors|-1814.67,Unpaid,False,False,False,False,2100-AP-Trade,True,30,Medium (20–40%)
INV2025-0267,Peak Materials Supply,2025-12-18,2026-02-01,PRJ-1001,2100-AP-Trade,23708.8,Other_FL,2845.06,26553.86,False,,26553.86,False,True,Peak Materials Supply|-26553.86,Unpaid,False,False,False,False,5200-Subcontractors,True,30,Medium (20–40%)
INV2025-0299,Gulf Coast Telecom,2025-07-30,2025-09-13,PRJ-1001,2100-AP-Trade,24910.18,Orange,1619.16,26528.04,False,,26529.34,True,True,Gulf Coast Telecom|-26528.04,Unpaid,False,False,True,False,5300-Equipment-Rental,True,40,Medium (20–40%)
INV2025-0339,Tri-County Services,2025-04-27,2025-05-27,PRJ-1001,5300-Equipment-Rental,6465.32,Orange,420.25,6886.04,False,,6885.57,True,True,Tri-County Services|-6886.04,Unpaid,False,False,True,False,5100-Materials,True,40,Medium (20–40%)
INV2025-0270,Gulf Coast Telecom,2025-01-07,2025-02-21,PRJ-1001,5300-Equipment-Rental,20627.07,Hillsborough,1547.03,22174.76,True,2025-02-12,22174.1,True,False,Gulf Coast Telecom|-22174.76,Paid but No Bank Match,False,False,False,False,5300-Equipment-Rental,False,5,Low (5–15%)
INV2025-0120,Tri-County Services,2025-01-23,2025-02-22,PRJ-1001,5100-Materials,23646.76,Pinellas,1655.27,25302.03,True,2025-02-13,25302.03,False,False,Tri-County Services|-25302.03,Paid but No Bank Match,False,False,False,False,5100-Materials,False,5,Low (5–15%)
INV2025-0274,Gulf Coast Telecom,2025-01-27,2025-03-13,PRJ-1001,5100-Materials,24099.3,Other_FL,1445.96,25545.26,True,2025-02-21,25545.26,False,False,Gulf Coast Telecom|-25545.26,Paid but No Bank Match,False,False,False,False,5300-Equipment-Rental,True,30,Medium (20–40%)
INV2025-0341,Sunline Electrical,2025-01-27,2025-02-26,PRJ-1001,9999-Suspense,13540.38,Orange,880.12,14420.5,True,2025-03-08,14420.5,False,False,Sunline Electrical|-14420.5,Paid but No Bank Match,False,False,False,False,5300-Equipment-Rental,True,30,Medium (20–40%)
INV2025-0011,BrightPower Partners,2025-01-02,2025-02-01,PRJ-1001,5100-Materials,5594.57,Orange,363.65,5958.22,True,2025-03-10,5958.22,False,False,BrightPower Partners|-5958.22,Paid but No Bank Match,False,False,False,False,5100-Materials,False,5,Low (5–15%)
INV2025-0206,BrightPower Partners,2025-01-20,2025-03-06,PRJ-1001,5300-Equipment-Rental,10530.59,Orange,684.49,11215.08,True,2025-03-18,11215.08,False,False,BrightPower Partners|-11215.08,Paid but No Bank Match,False,False,False,False,5100-Materials,True,30,Medium (20–40%)
INV2025-0312,Sunline Electrical,2025-03-21,2025-05-05,PRJ-1001,5200-Subcontractors,8756.58,Pinellas,612.96,9369.54,True,2025-03-26,9369.54,False,False,Sunline Electrical|-9369.54,Paid but No Bank Match,False,False,False,False,5300-Equipment-Rental,True,30,Medium (20–40%)
INV2025-0099,Tampa Grid Services,2025-01-29,2025-03-15,PRJ-1001,5100-Materials,24672.67,Hillsborough,1850.45,26523.12,True,2025-04-08,26523.12,False,False,Tampa Grid Services|-26523.12,Paid but No Bank Match,False,False,False,False,5100-Materials,False,5,Low (5–15%)
INV2025-0059,Sunshine Equipment,2025-02-27,2025-04-13,PRJ-1001,9999-Suspense,2225.2,Other_FL,133.51,2358.71,True,2025-04-19,2358.71,False,False,Sunshine Equipment|-2358.71,Paid but No Bank Match,False,False,False,False,5300-Equipment-Rental,True,30,Medium (20–40%)
INV2025-0216,Tidal Contractors,2025-03-05,2025-04-19,PRJ-1001,5300-Equipment-Rental,23986.37,Hillsborough,1798.98,25785.35,True,2025-05-01,25785.35,False,False,Tidal Contractors|-25785.35,Paid but No Bank Match,False,False,False,False,2100-AP-Trade,True,30,Medium (20–40%)
INV2025-0310,Sunline Electrical,2025-03-07,2025-04-21,PRJ-1001,5300-Equipment-Rental,721.24,Orange,46.88,768.12,True,2025-05-06,768.12,False,False,Sunline Electrical|-768.12,Paid but No Bank Match,False,False,False,False,5300-Equipment-Rental,False,5,Low (5–15%)
INV2025-0124,Tampa Grid Services,2025-04-28,2025-06-12,PRJ-1001,2100-AP-Trade,8040.54,Orange,522.64,8563.18,True,2025-05-07,8563.18,False,False,Tampa Grid Services|-8563.18,Paid but No Bank Match,False,False,False,False,5100-Materials,True,30,Medium (20–40%)
INV2025-0001,Tri-County Services,2025-04-13,2025-05-13,PRJ-1001,5200-Subcontractors,4994.15,Pinellas,349.59,5343.74,True,2025-05-08,5343.74,False,False,Tri-County Services|-5343.74,Paid but No Bank Match,False,False,False,False,5100-Materials,True,30,Medium (20–40%)
INV2025-0002,Atlantic Fiber Co,2025-04-13,2025-05-13,PRJ-1001,2100-AP-Trade,2949.39,Other_FL,176.96,3126.35,True,2025-05-11,3126.35,False,False,Atlantic Fiber Co|-3126.35,Paid but No Bank Match,False,False,False,False,2100-AP-Trade,False,5,Low (5–15%)
INV2025-0047,Tidal Contractors,2025-04-23,2025-05-23,PRJ-1001,2100-AP-Trade,22514.58,Hillsborough,1688.59,24204.53,True,2025-05-22,24203.17,True,False,Tidal Contractors|-24204.53,Paid but No Bank Match,False,False,False,False,2100-AP-Trade,False,5,Low (5–15%)
INV2025-0175,Tri-County Services,2025-05-16,2025-06-30,PRJ-1001,5100-Materials,6116.66,Orange,397.58,6513.51,True,2025-05-22,6514.24,True,False,Tri-County Services|-6513.51,Paid but No Bank Match,False,False,False,False,5100-Materials,False,5,Low (5–15%)
INV2025-0061,Tampa Grid Services,2025-04-14,2025-05-29,PRJ-1001,5100-Materials,17710.86,Orange,1151.21,18862.07,True,2025-05-30,18862.07,False,False,Tampa Grid Services|-18862.07,Paid but No Bank Match,False,False,False,False,5100-Materials,False,5,Low (5–15%)
INV2025-0334,Gulf Coast Telecom,2025-04-12,2025-05-27,PRJ-1001,5300-Equipment-Rental,15284.49,Pinellas,1069.91,16355.35,True,2025-06-01,16354.4,True,False,Gulf Coast Telecom|-16355.35,Paid but No Bank Match,False,False,False,False,5300-Equipment-Rental,False,5,Low (5–15%)
INV2025-0032,BrightPower Partners,2025-04-23,2025-06-07,PRJ-1001,5100-Materials,6720.93,Pinellas,470.47,7191.4,True,2025-06-05,7191.4,False,False,BrightPower Partners|-7191.4,Paid but No Bank Match,False,False,False,False,5100-Materials,False,5,Low (5–15%)
INV2025-0118,Bay Area Rentals,2025-04-08,2025-05-23,PRJ-1001,5300-Equipment-Rental,3779.38,Hillsborough,283.45,4062.83,True,2025-06-06,4062.83,False,False,Bay Area Rentals|-4062.83,Paid but No Bank Match,False,False,False,False,5300-Equipment-Rental,False,5,Low (5–15%)
INV2025-0231,Tampa Grid Services,2025-04-13,2025-05-13,PRJ-1001,5100-Materials,15108.61,Pinellas,1057.6,16166.21,True,2025-06-16,16166.21,False,False,Tampa Grid Services|-16166.21,Paid but No Bank Match,False,False,False,False,5100-Materials,False,5,Low (5–15%)
INV2025-0003,Sunline Electrical,2025-05-11,2025-06-10,PRJ-1001,5100-Materials,24262.79,Pinellas,1698.4,25961.26,True,2025-06-22,25961.19,True,False,Sunline Electrical|-25961.26,Paid but No Bank Match,False,False,False,False,5300-Equipment-Rental,True,30,Medium (20–40%)
INV2025-0230,Tri-County Services,2025-05-17,2025-06-16,PRJ-1001,5200-Subcontractors,3324.41,Pinellas,232.71,3557.12,True,2025-06-29,3557.12,False,False,Tri-County Services|-3557.12,Paid but No Bank Match,False,False,False,False,5100-Materials,True,30,Medium (20–40%)
INV2025-0136,Tidal Contractors,2025-05-13,2025-06-12,PRJ-1001,5100-Materials,5555.18,Other_FL,333.31,5889.99,True,2025-07-01,5888.49,True,False,Tidal Contractors|-5889.99,Paid but No Bank Match,False,False,False,False,2100-AP-Trade,True,30,Medium (20–40%)
INV2025-0311,Atlantic Fiber Co,2025-06-13,2025-07-28,PRJ-1001,6000-Misc-Expense,11617.84,Pinellas,813.25,12431.09,True,2025-07-01,12431.09,False,False,Atlantic Fiber Co|-12431.09,Paid but No Bank Match,False,False,False,False,2100-AP-Trade,True,30,Medium (20–40%)
INV2025-0098,Tampa Grid Services,2025-06-23,2025-07-23,PRJ-1001,5300-Equipment-Rental,2282.69,Pinellas,159.79,2442.48,True,2025-07-02,2442.48,False,False,Tampa Grid Services|-2442.48,Paid but No Bank Match,False,False,False,False,5100-Materials,True,30,Medium (20–40%)
INV2025-0049,Atlantic Fiber Co,2025-07-27,2025-09-10,PRJ-1001,9999-Suspense,4810.17,Other_FL,288.61,5098.49,True,2025-08-14,5098.78,True,False,Atlantic Fiber Co|-5098.49,Paid but No Bank Match,False,False,False,False,2100-AP-Trade,True,30,Medium (20–40%)
INV2025-0149,Florida Line Crew LLC,2025-08-17,2025-09-16,PRJ-1001,6000-Misc-Expense,684.59,Other_FL,41.08,725.67,True,2025-08-25,725.67,False,False,Florida Line Crew LLC|-725.67,Paid but No Bank Match,False,False,False,False,5100-Materials,True,30,Medium (20–40%)
INV2025-0073,Tri-County Services,2025-08-27,2025-09-26,PRJ-1001,5200-Subcontractors,13956.05,Other_FL,837.36,14793.41,True,2025-09-01,14793.41,False,False,Tri-County Services|-14793.41,Paid but No Bank Match,False,False,False,False,5100-Materials,True,30,Medium (20–40%)
INV2025-0126,Skyline Engineering,2025-07-26,2025-08-25,PRJ-1001,5200-Subcontractors,16164.35,Hillsborough,1212.33,17376.68,True,2025-09-06,17376.68,False,False,Skyline Engineering|-17376.68,Paid but No Bank Match,False,False,False,False,5300-Equipment-Rental,True,30,Medium (20–40%)
INV2025-0144,Peak Materials Supply,2025-07-21,2025-09-04,PRJ-1001,5100-Materials,21097.39,Orange,1371.33,22468.72,True,2025-09-07,22468.72,False,False,Peak Materials Supply|-22468.72,Paid but No Bank Match,False,False,False,False,5200-Subcontractors,True,30,Medium (20–40%)
INV2025-0007,Atlantic Fiber Co,2025-09-01,2025-10-16,PRJ-1001,2100-AP-Trade,1638.04,Other_FL,98.28,1735.83,True,2025-09-26,1736.32,True,False,Atlantic Fiber Co|-1735.83,Paid but No Bank Match,False,False,False,False,2100-AP-Trade,False,5,Low (5–15%)
INV2025-0187,Atlantic Fiber Co,2025-07-29,2025-09-12,PRJ-1001,5200-Subcontractors,23002.14,Other_FL,1380.13,24382.27,True,2025-09-30,24382.27,False,False,Atlantic Fiber Co|-24382.27,Paid but No Bank Match,False,False,False,False,2100-AP-Trade,True,30,Medium (20–40%)
INV2025-0072,Peak Materials Supply,2025-10-06,2025-11-20,PRJ-1001,5200-Subcontractors,17368.25,Pinellas,1215.78,18583.71,True,2025-10-11,18584.03,True,False,Peak Materials Supply|-18583.71,Paid but No Bank Match,False,False,False,False,5200-Subcontractors,False,5,Low (5–15%)
INV2025-0248,Tri-County Services,2025-09-18,2025-11-02,PRJ-1001,2100-AP-Trade,5799.94,Hillsborough,435.0,6235.98,True,2025-10-12,6234.94,True,False,Tri-County Services|-6235.98,Paid but No Bank Match,False,False,False,False,5100-Materials,True,30,Medium (20–40%)
INV2025-0036,Atlantic Fiber Co,2025-09-04,2025-10-04,PRJ-1001,5200-Subcontractors,19159.68,Hillsborough,1436.98,20596.66,True,2025-10-16,20596.66,False,False,Atlantic Fiber Co|-20596.66,Paid but No Bank Match,False,False,False,False,2100-AP-Trade,True,30,Medium (20–40%)
INV2025-0220,Skyline Engineering,2025-08-27,2025-09-26,PRJ-1001,5300-Equipment-Rental,15079.41,Orange,980.16,16059.57,True,2025-11-01,16059.57,False,False,Skyline Engineering|-16059.57,Paid but No Bank Match,False,False,False,False,5300-Equipment-Rental,False,5,Low (5–15%)
INV2025-0249,Gulf Coast Telecom,2025-08-29,2025-10-13,PRJ-1001,5200-Subcontractors,10207.93,Pinellas,714.56,10922.49,True,2025-11-03,10922.49,False,False,Gulf Coast Telecom|-10922.49,Paid but No Bank Match,False,False,False,False,5300-Equipment-Rental,True,30,Medium (20–40%)
INV2025-0199,Tampa Grid Services,2025-09-12,2025-10-12,PRJ-1001,5300-Equipment-Rental,3050.66,Pinellas,213.55,3264.21,True,2025-11-06,3264.21,False,False,Tampa Grid Services|-3264.21,Paid but No Bank Match,False,False,False,False,5100-Materials,True,30,Medium (20–40%)
INV2025-0016,Tri-County Services,2025-10-28,2025-12-12,PRJ-1001,5100-Materials,24678.73,Hillsborough,3701.8,28380.53,True,2025-11-09,28380.53,False,False,Tri-County Services|-28380.53,Paid but No Bank Match,False,False,False,False,5100-Materials,False,5,Low (5–15%)
INV2025-0014,Atlantic Fiber Co,2025-10-23,2025-12-07,PRJ-1001,5100-Materials,18809.34,Pinellas,1316.65,20125.99,True,2025-11-20,20125.99,False,False,Atlantic Fiber Co|-20125.99,Paid but No Bank Match,False,False,False,False,2100-AP-Trade,True,30,Medium (20–40%)
INV2025-0258,Tampa Grid Services,2025-09-19,2025-10-19,PRJ-1001,5100-Materials,21769.94,Other_FL,1306.2,23077.2,True,2025-11-21,23076.14,True,False,Tampa Grid Services|-23077.2,Paid but No Bank Match,False,False,False,False,5100-Materials,False,5,Low (5–15%)
INV2025-0340,Tidal Contractors,2025-09-28,2025-10-28,PRJ-1001,5100-Materials,12239.99,Other_FL,734.4,12974.39,True,2025-11-23,12974.39,False,False,Tidal Contractors|-12974.39,Paid but No Bank Match,False,False,False,False,2100-AP-Trade,True,30,Medium (20–40%)
INV2025-0235,Atlantic Fiber Co,2025-11-07,2025-12-22,PRJ-1001,5100-Materials,24763.36,Orange,1609.62,26373.64,True,2025-11-24,26372.98,True,False,Atlantic Fiber Co|-26373.64,Paid but No Bank Match,False,False,False,False,2100-AP-Trade,True,30,Medium (20–40%)
INV2025-0063,Tri-County Services,2025-11-09,2025-12-24,PRJ-1001,5100-Materials,5259.71,Orange,341.88,5602.6,True,2025-11-29,5601.59,True,False,Tri-County Services|-5602.6,Paid but No Bank Match,False,False,False,False,5100-Materials,False,5,Low (5–15%)
INV2025-0043,Sunshine Equipment,2025-12-12,2026-01-11,PRJ-1001,9999-Suspense,13157.58,Other_FL,789.45,13945.87,True,2025-12-17,13947.03,True,False,Sunshine Equipment|-13945.87,Paid but No Bank Match,False,False,False,False,5300-Equipment-Rental,True,30,Medium (20–40%)
INV2025-0060,Skyline Engineering,2025-12-08,2026-01-07,PRJ-1001,5100-Materials,6727.01,Orange,437.26,7164.27,True,2025-12-29,7164.27,False,False,Skyline Engineering|-7164.27,Paid but No Bank Match,False,False,False,False,5300-Equipment-Rental,True,30,Medium (20–40%)
INV2025-0013,Sunshine Equipment,2025-12-17,2026-01-31,PRJ-1002,6000-Misc-Expense,2668.07,Orange,173.42,2841.49,False,,2841.49,False,True,Sunshine Equipment|-2841.49,Unpaid,False,False,False,False,5300-Equipment-Rental,True,30,Medium (20–40%)
INV2025-0018,Skyline Engineering,2025-09-18,2025-11-02,PRJ-1002,8900-Other,16451.39,Other_FL,1974.16,18425.55,False,,18425.55,False,True,Skyline Engineering|-18425.55,Unpaid,False,False,True,False,5300-Equipment-Rental,True,40,Medium (20–40%)
INV2025-0022,Sunline Electrical,2025-12-25,2026-01-24,PRJ-1002,5100-Materials,17911.24,Other_FL,1074.67,18987.18,False,,18985.91,True,True,Sunline Electrical|-18987.18,Unpaid,False,False,False,False,5300-Equipment-Rental,True,30,Medium (20–40%)
INV2025-0046,Peak Materials Supply,2025-06-01,2025-07-16,PRJ-1002,2100-AP-Trade,22250.37,Other_FL,1335.02,23584.18,False,,23585.39,True,True,Peak Materials Supply|-23584.18,Unpaid,False,False,True,False,5200-Subcontractors,True,40,Medium (20–40%)
INV2025-0121,Sunline Electrical,2025-03-26,2025-04-25,PRJ-1002,5100-Materials,3664.41,Other_FL,219.86,3884.27,False,,3884.27,False,True,Sunline Electrical|-3884.27,Unpaid,False,False,True,False,5300-Equipment-Rental,True,40,Medium (20–40%)
INV2025-0157,Tidal Contractors,2025-11-16,2025-12-16,PRJ-1002,2100-AP-Trade,12899.55,Other_FL,773.97,13673.52,False,,13673.52,False,True,Tidal Contractors|-13673.52,Unpaid,False,False,False,False,2100-AP-Trade,False,5,Low (5–15%)
INV2025-0167,Skyline Engineering,2025-11-24,2025-12-24,PRJ-1002,5300-Equipment-Rental,9735.14,Other_FL,584.11,10319.25,False,,10319.25,False,True,Skyline Engineering|-10319.25,Unpaid,False,False,False,False,5300-Equipment-Rental,False,5,Low (5–15%)
INV2025-0211,Sunline Electrical,2025-04-08,2025-05-23,PRJ-1002,2100-AP-Trade,950.57,Orange,61.79,1012.36,False,,1012.36,False,True,Sunline Electrical|-1012.36,Unpaid,False,False,True,False,5300-Equipment-Rental,True,40,Medium (20–40%)
INV2025-0212,Florida Line Crew LLC,2025-12-07,2026-01-21,PRJ-1002,5100-Materials,12703.22,Pinellas,889.23,13592.45,False,,13592.45,False,True,Florida Line Crew LLC|-13592.45,Unpaid,False,False,False,False,5100-Materials,False,5,Low (5–15%)
INV2025-0234,Gulf Coast Telecom,2025-07-29,2025-08-28,PRJ-1002,2100-AP-Trade,10957.02,Orange,712.21,11669.23,False,,11669.23,False,True,Gulf Coast Telecom|-11669.23,Unpaid,False,False,True,False,5300-Equipment-Rental,True,40,Medium (20–40%)
INV2025-0245,Bay Area Rentals,2025-07-18,2025-09-01,PRJ-1002,6000-Misc-Expense,6175.96,Orange,401.44,6577.4,False,,6577.4,False,True,Bay Area Rentals|-6577.4,Unpaid,False,False,True,False,5300-Equipment-Rental,True,40,Medium (20–40%)
INV2025-0268,BrightPower Partners,2025-07-12,2025-08-26,PRJ-1002,5100-Materials,2330.01,Other_FL,139.8,2468.98,False,,2469.81,True,True,BrightPower Partners|-2468.98,Unpaid,False,False,True,False,5100-Materials,False,15,Low (5–15%)
INV2025-0297,Florida Line Crew LLC,2025-02-24,2025-04-10,PRJ-1002,5100-Materials,18734.84,Orange,1217.76,19952.6,False,,19952.6,False,True,Florida Line Crew LLC|-19952.6,Unpaid,False,False,True,False,5100-Materials,False,15,Low (5–15%)
INV2025-0309,Bay Area Rentals,2025-08-19,2025-09-18,PRJ-1002,5300-Equipment-Rental,10081.5,Orange,655.3,10736.8,False,,10736.8,False,True,Bay Area Rentals|-10736.8,Unpaid,False,False,True,False,5300-Equipment-Rental,False,15,Low (5–15%)
INV2025-0316,Gulf Coast Telecom,2025-04-18,2025-06-02,PRJ-1002,5200-Subcontractors,1337.6,Hillsborough,100.32,1437.92,False,,1437.92,False,True,Gulf Coast Telecom|-1437.92,Unpaid,False,False,True,False,5300-Equipment-Rental,True,40,Medium (20–40%)
INV2025-0328,Sunline Electrical,2025-03-04,2025-04-18,PRJ-1002,9999-Suspense,10469.25,Pinellas,732.85,11202.52,False,,11202.1,True,True,Sunline Electrical|-11202.52,Unpaid,False,False,True,False,5300-Equipment-Rental,True,40,Medium (20–40%)
INV2025-0330,Peak Materials Supply,2025-04-12,2025-05-12,PRJ-1002,5200-Subcontractors,22583.7,Orange,1467.94,24052.08,False,,24051.64,True,True,Peak Materials Supply|-24052.08,Unpaid,False,False,True,False,5200-Subcontractors,False,15,Low (5–15%)
INV2025-0108,Bay Area Rentals,2025-01-14,2025-02-13,PRJ-1002,5300-Equipment-Rental,24897.87,Other_FL,1493.87,26390.57,True,2025-01-21,26391.74,True,False,Bay Area Rentals|-26390.57,Paid but No Bank Match,False,False,False,False,5300-Equipment-Rental,False,5,Low (5–15%)
INV2025-0045,Atlantic Fiber Co,2025-01-09,2025-02-23,PRJ-1002,5300-Equipment-Rental,17658.77,Pinellas,1236.11,18896.14,True,2025-02-02,18894.88,True,False,Atlantic Fiber Co|-18896.14,Paid but No Bank Match,False,False,False,False,2100-AP-Trade,True,30,Medium (20–40%)
INV2025-0115,Tri-County Services,2025-01-10,2025-02-24,PRJ-1002,6000-Misc-Expense,21718.57,Pinellas,1520.3,23239.17,True,2025-02-16,23238.87,True,False,Tri-County Services|-23239.17,Paid but No Bank Match,False,False,False,False,5100-Materials,True,30,Medium (20–40%)
INV2025-0145,Atlantic Fiber Co,2025-01-25,2025-03-11,PRJ-1002,5200-Subcontractors,15043.02,Hillsborough,1128.23,16171.25,True,2025-02-16,16171.25,False,False,Atlantic Fiber Co|-16171.25,Paid but No Bank Match,False,False,False,False,2100-AP-Trade,True,30,Medium (20–40%)
INV2025-0253,Tampa Grid Services,2025-01-25,2025-03-11,PRJ-1002,2100-AP-Trade,2631.18,Orange,171.03,2802.21,True,2025-03-08,2802.21,False,False,Tampa Grid Services|-2802.21,Paid but No Bank Match,False,False,False,False,5100-Materials,True,30,Medium (20–40%)
INV2025-0325,Skyline Engineering,2025-01-26,2025-03-12,PRJ-1002,2100-AP-Trade,14479.94,Orange,941.2,15421.14,True,2025-03-17,15421.14,False,False,Skyline Engineering|-15421.14,Paid but No Bank Match,False,False,False,False,5300-Equipment-Rental,True,30,Medium (20–40%)
INV2025-0266,Atlantic Fiber Co,2025-03-01,2025-04-15,PRJ-1002,5100-Materials,18965.62,Orange,1232.77,20198.3,True,2025-03-25,20198.39,True,False,Atlantic Fiber Co|-20198.3,Paid but No Bank Match,False,False,False,False,2100-AP-Trade,True,30,Medium (20–40%)
INV2025-0278,Florida Line Crew LLC,2025-03-13,2025-04-12,PRJ-1002,2100-AP-Trade,5490.68,Pinellas,384.35,5875.03,True,2025-03-25,5875.03,False,False,Florida Line Crew LLC|-5875.03,Paid but No Bank Match,False,False,False,False,5100-Materials,True,30,Medium (20–40%)
INV2025-0294,Peak Materials Supply,2025-03-25,2025-05-09,PRJ-1002,2100-AP-Trade,15138.16,Orange,983.98,16122.14,True,2025-04-01,16122.14,False,False,Peak Materials Supply|-16122.14,Paid but No Bank Match,False,False,False,False,5200-Subcontractors,True,30,Medium (20–40%)
INV2025-0273,Sunline Electrical,2025-03-16,2025-04-30,PRJ-1002,5300-Equipment-Rental,2518.34,Orange,163.69,2681.88,True,2025-04-11,2682.03,True,False,Sunline Electrical|-2681.88,Paid but No Bank Match,False,False,False,False,5300-Equipment-Rental,False,5,Low (5–15%)
INV2025-0038,Gulf Coast Telecom,2025-04-07,2025-05-07,PRJ-1002,2100-AP-Trade,12950.87,Hillsborough,971.32,13922.19,True,2025-04-14,13922.19,False,False,Gulf Coast Telecom|-13922.19,Paid but No Bank Match,False,False,False,False,5300-Equipment-Rental,True,30,Medium (20–40%)
INV2025-0348,BrightPower Partners,2025-03-13,2025-04-27,PRJ-1002,2100-AP-Trade,14137.61,Pinellas,989.63,15128.15,True,2025-05-06,15127.24,True,False,BrightPower Partners|-15128.15,Paid but No Bank Match,False,False,False,False,5100-Materials,True,30,Medium (20–40%)
INV2025-0028,Tri-County Services,2025-05-08,2025-06-07,PRJ-1002,5200-Subcontractors,22454.24,Pinellas,1571.8,24026.04,True,2025-05-13,24026.04,False,False,Tri-County Services|-24026.04,Paid but No Bank Match,False,False,False,False,5100-Materials,True,30,Medium (20–40%)
INV2025-0142,Atlantic Fiber Co,2025-04-21,2025-05-21,PRJ-1002,5200-Subcontractors,18865.6,Hillsborough,1414.92,20280.52,True,2025-05-13,20280.52,False,False,Atlantic Fiber Co|-20280.52,Paid but No Bank Match,False,False,False,False,2100-AP-Trade,True,30,Medium (20–40%)
INV2025-0200,Sunshine Equipment,2025-04-07,2025-05-07,PRJ-1002,5300-Equipment-Rental,18159.92,Orange,1180.39,19340.31,True,2025-05-13,19340.31,False,False,Sunshine Equipment|-19340.31,Paid but No Bank Match,False,False,False,False,5300-Equipment-Rental,False,5,Low (5–15%)
INV2025-0345,Florida Line Crew LLC,2025-03-25,2025-05-09,PRJ-1002,2100-AP-Trade,20246.82,Hillsborough,1518.51,21765.33,True,2025-05-13,21765.33,False,False,Florida Line Crew LLC|-21765.33,Paid but No Bank Match,False,False,False,False,5100-Materials,True,30,Medium (20–40%)
INV2025-0034,Tidal Contractors,2025-05-10,2025-06-24,PRJ-1002,5100-Materials,1309.74,Orange,85.13,1394.87,True,2025-05-15,1394.87,False,False,Tidal Contractors|-1394.87,Paid but No Bank Match,False,False,False,False,2100-AP-Trade,True,30,Medium (20–40%)
INV2025-0327,Tri-County Services,2025-03-10,2025-04-09,PRJ-1002,2100-AP-Trade,9040.05,Other_FL,542.4,9582.45,True,2025-05-17,9582.45,False,False,Tri-County Services|-9582.45,Paid but No Bank Match,False,False,False,False,5100-Materials,True,30,Medium (20–40%)
INV2025-0279,Peak Materials Supply,2025-03-20,2025-04-19,PRJ-1002,5100-Materials,13493.68,Hillsborough,1012.03,14505.71,True,2025-05-27,14505.71,False,False,Peak Materials Supply|-14505.71,Paid but No Bank Match,False,False,False,False,5200-Subcontractors,True,30,Medium (20–40%)
INV2025-0051,Bay Area Rentals,2025-05-08,2025-06-22,PRJ-1002,5100-Materials,2795.03,Orange,181.68,2977.77,True,2025-06-03,2976.71,True,False,Bay Area Rentals|-2977.77,Paid but No Bank Match,False,False,False,False,5300-Equipment-Rental,True,30,Medium (20–40%)
INV2025-0186,Sunshine Equipment,2025-04-27,2025-06-11,PRJ-1002,5100-Materials,3299.55,Other_FL,197.97,3497.52,True,2025-06-08,3497.52,False,False,Sunshine Equipment|-3497.52,Paid but No Bank Match,False,False,False,False,5300-Equipment-Rental,True,30,Medium (20–40%)
INV2025-0281,Tri-County Services,2025-06-02,2025-07-17,PRJ-1002,5300-Equipment-Rental,15159.02,Hillsborough,1136.93,16295.95,True,2025-06-15,16295.95,False,False,Tri-County Services|-16295.95,Paid but No Bank Match,False,False,False,False,5100-Materials,True,30,Medium (20–40%)
INV2025-0089,Bay Area Rentals,2025-05-31,2025-07-15,PRJ-1002,8900-Other,21531.11,Orange,1399.52,22930.63,True,2025-06-17,22930.63,False,False,Bay Area Rentals|-22930.63,Paid but No Bank Match,False,False,False,False,5300-Equipment-Rental,True,30,Medium (20–40%)
INV2025-0349,Gulf Coast Telecom,2025-06-01,2025-07-16,PRJ-1002,5300-Equipment-Rental,10881.59,Hillsborough,816.12,11696.73,True,2025-06-23,11697.71,True,False,Gulf Coast Telecom|-11696.73,Paid but No Bank Match,False,False,False,False,5300-Equipment-Rental,False,5,Low (5–15%)
INV2025-0151,Skyline Engineering,2025-05-17,2025-06-16,PRJ-1002,5100-Materials,13350.53,Orange,867.78,14218.31,True,2025-06-26,14218.31,False,False,Skyline Engineering|-14218.31,Paid but No Bank Match,False,False,False,False,5300-Equipment-Rental,True,30,Medium (20–40%)
INV2025-0113,Tri-County Services,2025-05-25,2025-07-09,PRJ-1002,5300-Equipment-Rental,10574.56,Pinellas,740.22,11316.19,True,2025-06-27,11314.78,True,False,Tri-County Services|-11316.19,Paid but No Bank Match,False,False,False,False,5100-Materials,True,30,Medium (20–40%)
INV2025-0040,Tri-County Services,2025-05-28,2025-07-12,PRJ-1002,5100-Materials,4771.98,Other_FL,286.32,5058.3,True,2025-07-10,5058.3,False,False,Tri-County Services|-5058.3,Paid but No Bank Match,False,False,False,False,5100-Materials,False,5,Low (5–15%)
INV2025-0075,Bay Area Rentals,2025-05-24,2025-06-23,PRJ-1002,5200-Subcontractors,3444.03,Other_FL,206.64,3650.67,True,2025-07-14,3650.67,False,False,Bay Area Rentals|-3650.67,Paid but No Bank Match,False,False,False,False,5300-Equipment-Rental,True,30,Medium (20–40%)
INV2025-0194,Skyline Engineering,2025-05-24,2025-06-23,PRJ-1002,5200-Subcontractors,2109.86,Pinellas,147.69,2257.55,True,2025-07-14,2257.55,False,False,Skyline Engineering|-2257.55,Paid but No Bank Match,False,False,False,False,5300-Equipment-Rental,True,30,Medium (20–40%)
INV2025-0155,Skyline Engineering,2025-06-22,2025-07-22,PRJ-1002,5100-Materials,5082.57,Orange,330.37,5412.94,True,2025-07-15,5412.94,False,False,Skyline Engineering|-5412.94,Paid but No Bank Match,False,False,False,False,5300-Equipment-Rental,True,30,Medium (20–40%)
INV2025-0170,Florida Line Crew LLC,2025-06-28,2025-07-28,PRJ-1002,5200-Subcontractors,3912.17,Other_FL,234.73,4146.9,True,2025-07-31,4146.9,False,False,Florida Line Crew LLC|-4146.9,Paid but No Bank Match,False,False,False,False,5100-Materials,True,30,Medium (20–40%)
INV2025-0215,Sunshine Equipment,2025-06-22,2025-07-22,PRJ-1002,5100-Materials,10407.35,Other_FL,624.44,11030.54,True,2025-08-11,11031.79,True,False,Sunshine Equipment|-11030.54,Paid but No Bank Match,False,False,False,False,5300-Equipment-Rental,True,30,Medium (20–40%)
INV2025-0263,Bay Area Rentals,2025-07-25,2025-09-08,PRJ-1002,2100-AP-Trade,6837.86,Orange,444.46,7282.32,True,2025-08-11,7282.32,False,False,Bay Area Rentals|-7282.32,Paid but No Bank Match,False,False,False,False,5300-Equipment-Rental,True,30,Medium (20–40%)
INV2025-0019,Bay Area Rentals,2025-07-20,2025-09-03,PRJ-1002,5200-Subcontractors,8607.0,Pinellas,602.49,9209.49,True,2025-08-16,9209.49,False,False,Bay Area Rentals|-9209.49,Paid but No Bank Match,False,False,False,False,5300-Equipment-Rental,True,30,Medium (20–40%)
INV2025-0156,Tri-County Services,2025-07-31,2025-08-30,PRJ-1002,5100-Materials,6439.04,Pinellas,450.73,6889.77,True,2025-08-18,6889.77,False,False,Tri-County Services|-6889.77,Paid but No Bank Match,False,False,False,False,5100-Materials,False,5,Low (5–15%)
INV2025-0021,Florida Line Crew LLC,2025-08-15,2025-09-14,PRJ-1002,5300-Equipment-Rental,17974.5,Hillsborough,1348.09,19322.59,True,2025-09-02,19322.59,False,False,Florida Line Crew LLC|-19322.59,Paid but No Bank Match,False,False,False,False,5100-Materials,True,30,Medium (20–40%)
INV2025-0147,Tidal Contractors,2025-08-24,2025-10-08,PRJ-1002,5300-Equipment-Rental,7452.51,Hillsborough,558.94,8011.45,True,2025-09-23,8011.45,False,False,Tidal Contractors|-8011.45,Paid but No Bank Match,False,False,False,False,2100-AP-Trade,True,30,Medium (20–40%)
INV2025-0304,Peak Materials Supply,2025-09-19,2025-11-03,PRJ-1002,5200-Subcontractors,24807.27,Other_FL,1488.44,26295.71,True,2025-10-05,26295.71,False,False,Peak Materials Supply|-26295.71,Paid but No Bank Match,False,False,False,False,5200-Subcontractors,False,5,Low (5–15%)
INV2025-0276,Peak Materials Supply,2025-09-14,2025-10-29,PRJ-1002,5200-Subcontractors,18248.36,Pinellas,1277.39,19525.75,True,2025-10-23,19525.75,False,False,Peak Materials Supply|-19525.75,Paid but No Bank Match,False,False,False,False,5200-Subcontractors,False,5,Low (5–15%)
INV2025-0074,Skyline Engineering,2025-09-29,2025-10-29,PRJ-1002,5100-Materials,16599.23,Pinellas,1161.95,17761.18,True,2025-10-29,17761.18,False,False,Skyline Engineering|-17761.18,Paid but No Bank Match,False,False,False,False,5300-Equipment-Rental,True,30,Medium (20–40%)
INV2025-0315,Sunline Electrical,2025-11-01,2025-12-16,PRJ-1002,5100-Materials,20238.92,Other_FL,1214.34,21452.13,True,2025-11-11,21453.26,True,False,Sunline Electrical|-21452.13,Paid but No Bank Match,False,False,False,False,5300-Equipment-Rental,True,30,Medium (20–40%)
INV2025-0143,BrightPower Partners,2025-10-21,2025-11-20,PRJ-1002,5100-Materials,6440.53,Other_FL,386.43,6826.96,True,2025-11-22,6826.96,False,False,BrightPower Partners|-6826.96,Paid but No Bank Match,False,False,False,False,5100-Materials,False,5,Low (5–15%)
INV2025-0298,Sunshine Equipment,2025-11-05,2025-12-05,PRJ-1002,5100-Materials,12705.8,Pinellas,889.41,13595.21,True,2025-11-27,13595.21,False,False,Sunshine Equipment|-13595.21,Paid but No Bank Match,False,False,False,False,5300-Equipment-Rental,True,30,Medium (20–40%)
INV2025-0174,Bay Area Rentals,2025-10-30,2025-11-29,PRJ-1002,5200-Subcontractors,3623.47,Other_FL,434.82,4058.29,True,2025-12-02,4058.29,False,False,Bay Area Rentals|-4058.29,Paid but No Bank Match,False,False,False,False,5300-Equipment-Rental,True,30,Medium (20–40%)
INV2025-0054,Sunline Electrical,2025-11-13,2025-12-13,PRJ-1002,2100-AP-Trade,14514.1,Hillsborough,1088.56,15602.66,True,2025-12-04,15602.66,False,False,Sunline Electrical|-15602.66,Paid but No Bank Match,False,False,False,False,5300-Equipment-Rental,True,30,Medium (20–40%)
INV2025-0320,Skyline Engineering,2025-10-12,2025-11-26,PRJ-1002,5300-Equipment-Rental,11641.13,Pinellas,814.88,12456.01,True,2025-12-05,12456.01,False,False,Skyline Engineering|-12456.01,Paid but No Bank Match,False,False,False,False,5300-Equipment-Rental,False,5,Low (5–15%)
INV2025-0326,Tidal Contractors,2025-10-16,2025-11-30,PRJ-1002,5300-Equipment-Rental,23551.45,Other_FL,1413.09,24964.54,True,2025-12-07,24964.54,False,False,Tidal Contractors|-24964.54,Paid but No Bank Match,False,False,False,False,2100-AP-Trade,True,30,Medium (20–40%)
INV2025-0198,Bay Area Rentals,2025-10-15,2025-11-14,PRJ-1002,5300-Equipment-Rental,16643.64,Pinellas,1165.05,17808.69,True,2025-12-17,17808.69,False,False,Bay Area Rentals|-17808.69,Paid but No Bank Match,False,False,False,False,5300-Equipment-Rental,False,5,Low (5–15%)
INV2025-0232,Atlantic Fiber Co,2025-10-28,2025-12-12,PRJ-1002,2100-AP-Trade,17559.08,Orange,1141.34,18700.42,True,2025-12-26,18700.42,False,False,Atlantic Fiber Co|-18700.42,Paid but No Bank Match,False,False,False,False,2100-AP-Trade,False,5,Low (5–15%)
INV2025-0257,Sunline Electrical,2025-11-19,2025-12-19,PRJ-1002,5300-Equipment-Rental,17111.4,Hillsborough,0.0,17111.4,True,2025-12-26,17111.4,False,False,Sunline Electrical|-17111.4,Paid but No Bank Match,False,False,False,False,5300-Equipment-Rental,False,5,Low (5–15%)
INV2025-0008,Gulf Coast Telecom,2025-11-25,2026-01-09,PRJ-2001,5200-Subcontractors,23747.7,Hillsborough,1781.08,25528.78,False,,25528.78,False,True,Gulf Coast Telecom|-25528.78,Unpaid,False,False,False,False,5300-Equipment-Rental,True,30,Medium (20–40%)
INV2025-0030,Sunline Electrical,2025-12-25,2026-01-24,PRJ-2001,5200-Subcontractors,13585.19,Pinellas,950.96,14536.15,False,,14536.15,False,True,Sunline Electrical|-14536.15,Unpaid,False,False,False,False,5300-Equipment-Rental,True,30,Medium (20–40%)
INV2025-0081,Sunline Electrical,2025-12-06,2026-01-05,PRJ-2001,5100-Materials,10010.16,Orange,650.66,10660.82,False,,10660.82,False,True,Sunline Electrical|-10660.82,Unpaid,False,False,False,False,5300-Equipment-Rental,True,30,Medium (20–40%)
INV2025-0090,Bay Area Rentals,2025-10-06,2025-11-05,PRJ-2001,5200-Subcontractors,3026.53,Pinellas,211.86,3238.39,False,,3238.39,False,True,Bay Area Rentals|-3238.39,Unpaid,False,False,True,False,5300-Equipment-Rental,True,40,Medium (20–40%)
INV2025-0123,BrightPower Partners,2025-12-14,2026-01-28,PRJ-2001,5100-Materials,1043.53,Hillsborough,78.26,1122.55,False,,1121.79,True,True,BrightPower Partners|-1122.55,Unpaid,False,False,False,False,5100-Materials,False,5,Low (5–15%)
INV2025-0129,Gulf Coast Telecom,2025-12-01,2026-01-15,PRJ-2001,5300-Equipment-Rental,15741.12,Pinellas,1101.88,16843.0,False,,16843.0,False,True,Gulf Coast Telecom|-16843,Unpaid,False,False,False,False,5300-Equipment-Rental,False,5,Low (5–15%)
INV2025-0138,Sunline Electrical,2025-12-16,2026-01-15,PRJ-2001,5100-Materials,9743.51,Other_FL,584.61,10328.12,False,,10328.12,False,True,Sunline Electrical|-10328.12,Unpaid,False,False,False,False,5300-Equipment-Rental,True,30,Medium (20–40%)
INV2025-0139,BrightPower Partners,2025-09-14,2025-10-14,PRJ-2001,5200-Subcontractors,15133.31,Other_FL,908.0,16041.31,False,,16041.31,False,True,BrightPower Partners|-16041.31,Unpaid,False,False,True,False,5100-Materials,True,40,Medium (20–40%)
INV2025-0141,BrightPower Partners,2025-12-31,2026-02-14,PRJ-2001,5200-Subcontractors,4119.61,Orange,267.77,4387.38,False,,4387.38,False,True,BrightPower Partners|-4387.38,Unpaid,False,False,False,False,5100-Materials,True,30,Medium (20–40%)
INV2025-0161,Tri-County Services,2025-02-07,2025-03-09,PRJ-2001,5100-Materials,9047.27,Hillsborough,678.55,9727.13,False,,9725.82,True,True,Tri-County Services|-9727.13,Unpaid,False,False,True,False,5100-Materials,False,15,Low (5–15%)
INV2025-0162,Sunline Electrical,2025-11-14,2025-12-14,PRJ-2001,5200-Subcontractors,10508.7,Other_FL,630.52,11139.19,False,,11139.22,True,True,Sunline Electrical|-11139.19,Unpaid,False,False,False,False,5300-Equipment-Rental,True,30,Medium (20–40%)
INV2025-0163,Gulf Coast Telecom,2025-05-17,2025-07-01,PRJ-2001,5300-Equipment-Rental,9791.1,Orange,636.42,10427.52,False,,10427.52,False,True,Gulf Coast Telecom|-10427.52,Unpaid,False,False,True,False,5300-Equipment-Rental,False,15,Low (5–15%)
INV2025-0214,Peak Materials Supply,2025-11-09,2025-12-24,PRJ-2001,5200-Subcontractors,18438.52,Hillsborough,1382.89,19821.41,False,,19821.41,False,True,Peak Materials Supply|-19821.41,Unpaid,False,False,False,False,5200-Subcontractors,False,5,Low (5–15%)
INV2025-0283,Florida Line Crew LLC,2025-12-10,2026-01-09,PRJ-2001,5300-Equipment-Rental,24616.61,Other_FL,1477.0,26093.61,False,,26093.61,False,True,Florida Line Crew LLC|-26093.61,Unpaid,False,False,False,False,5100-Materials,True,30,Medium (20–40%)
INV2025-0284,Sunline Electrical,2025-10-01,2025-10-31,PRJ-2001,5200-Subcontractors,10190.85,Hillsborough,764.31,10955.16,False,,10955.16,False,True,Sunline Electrical|-10955.16,Unpaid,False,False,True,False,5300-Equipment-Rental,True,40,Medium (20–40%)
INV2025-0343,Tri-County Services,2025-12-17,2026-01-31,PRJ-2001,5200-Subcontractors,20094.64,Other_FL,1205.68,21300.32,False,,21300.32,False,True,Tri-County Services|-21300.32,Unpaid,False,False,False,False,5100-Materials,True,30,Medium (20–40%)
INV2025-0135,Peak Materials Supply,2025-01-05,2025-02-19,PRJ-2001,5200-Subcontractors,9016.67,Hillsborough,676.25,9692.92,True,2025-01-10,9692.92,False,False,Peak Materials Supply|-9692.92,Paid but No Bank Match,False,False,False,False,5200-Subcontractors,False,5,Low (5–15%)
INV2025-0119,BrightPower Partners,2025-01-06,2025-02-05,PRJ-2001,5100-Materials,13591.48,Hillsborough,1019.36,14610.84,True,2025-01-13,14610.84,False,False,BrightPower Partners|-14610.84,Paid but No Bank Match,False,False,False,False,5100-Materials,False,5,Low (5–15%)
INV2025-0292,Gulf Coast Telecom,2025-01-09,2025-02-23,PRJ-2001,6000-Misc-Expense,1773.3,Pinellas,124.13,1897.43,True,2025-01-21,1897.43,False,False,Gulf Coast Telecom|-1897.43,Paid but No Bank Match,False,False,False,False,5300-Equipment-Rental,True,30,Medium (20–40%)
INV2025-0306,Atlantic Fiber Co,2025-01-08,2025-02-07,PRJ-2001,2100-AP-Trade,15245.46,Other_FL,914.73,16160.19,True,2025-01-26,16160.19,False,False,Atlantic Fiber Co|-16160.19,Paid but No Bank Match,False,False,False,False,2100-AP-Trade,False,5,Low (5–15%)
INV2025-0133,Sunshine Equipment,2025-01-08,2025-02-22,PRJ-2001,2100-AP-Trade,17564.29,Other_FL,1053.86,18618.35,True,2025-02-08,18618.15,True,False,Sunshine Equipment|-18618.35,Paid but No Bank Match,False,False,False,False,5300-Equipment-Rental,True,30,Medium (20–40%)
INV2025-0080,Gulf Coast Telecom,2025-01-16,2025-03-02,PRJ-2001,5300-Equipment-Rental,16239.27,Orange,1055.55,17294.82,True,2025-02-21,17294.82,False,False,Gulf Coast Telecom|-17294.82,Paid but No Bank Match,False,False,False,False,5300-Equipment-Rental,False,5,Low (5–15%)
INV2025-0068,Florida Line Crew LLC,2025-02-22,2025-03-24,PRJ-2001,5100-Materials,24148.67,Other_FL,1448.92,25597.59,True,2025-03-04,25597.59,False,False,Florida Line Crew LLC|-25597.59,Paid but No Bank Match,False,False,False,False,5100-Materials,False,5,Low (5–15%)
INV2025-0271,Sunshine Equipment,2025-02-27,2025-03-29,PRJ-2001,5300-Equipment-Rental,4393.99,Other_FL,263.64,4657.63,True,2025-03-07,4657.63,False,False,Sunshine Equipment|-4657.63,Paid but No Bank Match,False,False,False,False,5300-Equipment-Rental,False,5,Low (5–15%)
INV2025-0025,Tri-County Services,2025-02-05,2025-03-22,PRJ-2001,9999-Suspense,15172.2,Orange,986.19,16158.39,True,2025-03-09,16158.39,False,False,Tri-County Services|-16158.39,Paid but No Bank Match,False,False,False,False,5100-Materials,True,30,Medium (20–40%)
INV2025-0329,Sunline Electrical,2025-03-14,2025-04-28,PRJ-2001,5300-Equipment-Rental,7572.8,Other_FL,454.37,8027.17,True,2025-03-22,8027.17,False,False,Sunline Electrical|-8027.17,Paid but No Bank Match,False,False,False,False,5300-Equipment-Rental,False,5,Low (5–15%)
INV2025-0237,Sunshine Equipment,2025-01-29,2025-03-15,PRJ-2001,2100-AP-Trade,10347.31,Other_FL,620.84,10968.15,True,2025-03-31,10968.15,False,False,Sunshine Equipment|-10968.15,Paid but No Bank Match,False,False,False,False,5300-Equipment-Rental,True,30,Medium (20–40%)
INV2025-0017,Florida Line Crew LLC,2025-03-04,2025-04-18,PRJ-2001,2100-AP-Trade,17818.0,Pinellas,1247.26,19065.26,True,2025-04-10,19065.26,False,False,Florida Line Crew LLC|-19065.26,Paid but No Bank Match,False,False,False,False,5100-Materials,True,30,Medium (20–40%)
INV2025-0117,Sunshine Equipment,2025-03-04,2025-04-18,PRJ-2001,5300-Equipment-Rental,20814.52,Orange,1352.94,22167.46,True,2025-04-10,22167.46,False,False,Sunshine Equipment|-22167.46,Paid but No Bank Match,False,False,False,False,5300-Equipment-Rental,False,5,Low (5–15%)
INV2025-0085,Sunline Electrical,2025-04-03,2025-05-03,PRJ-2001,5300-Equipment-Rental,1070.16,Hillsborough,80.26,1150.42,True,2025-04-14,1150.42,False,False,Sunline Electrical|-1150.42,Paid but No Bank Match,False,False,False,False,5300-Equipment-Rental,False,5,Low (5–15%)
INV2025-0192,Sunshine Equipment,2025-02-18,2025-04-04,PRJ-2001,5300-Equipment-Rental,8093.45,Hillsborough,607.01,8700.46,True,2025-04-14,8700.46,False,False,Sunshine Equipment|-8700.46,Paid but No Bank Match,False,False,False,False,5300-Equipment-Rental,False,5,Low (5–15%)
INV2025-0226,Peak Materials Supply,2025-03-21,2025-04-20,PRJ-2001,5100-Materials,18439.51,Other_FL,1106.37,19545.88,True,2025-04-19,19545.88,False,False,Peak Materials Supply|-19545.88,Paid but No Bank Match,False,False,False,False,5200-Subcontractors,True,30,Medium (20–40%)
INV2025-0264,Bay Area Rentals,2025-02-15,2025-03-17,PRJ-2001,5300-Equipment-Rental,14216.19,Orange,924.05,15140.24,True,2025-04-20,15140.24,False,False,Bay Area Rentals|-15140.24,Paid but No Bank Match,False,False,False,False,5300-Equipment-Rental,False,5,Low (5–15%)
INV2025-0172,Sunshine Equipment,2025-04-07,2025-05-07,PRJ-2001,5200-Subcontractors,19575.01,Orange,1272.38,20847.39,True,2025-04-21,20847.39,False,False,Sunshine Equipment|-20847.39,Paid but No Bank Match,False,False,False,False,5300-Equipment-Rental,True,30,Medium (20–40%)
INV2025-0169,Gulf Coast Telecom,2025-04-14,2025-05-29,PRJ-2001,5300-Equipment-Rental,13799.81,Orange,896.99,14696.8,True,2025-04-25,14696.8,False,False,Gulf Coast Telecom|-14696.8,Paid but No Bank Match,False,False,False,False,5300-Equipment-Rental,False,5,Low (5–15%)
INV2025-0259,Bay Area Rentals,2025-02-28,2025-04-14,PRJ-2001,5100-Materials,8683.22,Orange,564.41,9247.63,True,2025-04-26,9247.63,False,False,Bay Area Rentals|-9247.63,Paid but No Bank Match,False,False,False,False,5300-Equipment-Rental,True,30,Medium (20–40%)
INV2025-0291,Florida Line Crew LLC,2025-04-16,2025-05-16,PRJ-2001,2100-AP-Trade,3061.91,Orange,199.02,3260.93,True,2025-04-26,3260.93,False,False,Florida Line Crew LLC|-3260.93,Paid but No Bank Match,False,False,False,False,5100-Materials,True,30,Medium (20–40%)
INV2025-0154,Skyline Engineering,2025-03-03,2025-04-17,PRJ-2001,8900-Other,14140.69,Hillsborough,1060.55,15201.24,True,2025-04-27,15201.24,False,False,Skyline Engineering|-15201.24,Paid but No Bank Match,False,False,False,False,5300-Equipment-Rental,True,30,Medium (20–40%)
INV2025-0227,Sunshine Equipment,2025-03-30,2025-04-29,PRJ-2001,2100-AP-Trade,17482.79,Orange,1136.38,18619.59,True,2025-04-29,18619.17,True,False,Sunshine Equipment|-18619.59,Paid but No Bank Match,False,False,False,False,5300-Equipment-Rental,True,30,Medium (20–40%)
INV2025-0290,Florida Line Crew LLC,2025-04-13,2025-05-28,PRJ-2001,5300-Equipment-Rental,14404.75,Other_FL,864.28,15269.03,True,2025-05-02,15269.03,False,False,Florida Line Crew LLC|-15269.03,Paid but No Bank Match,False,False,False,False,5100-Materials,True,30,Medium (20–40%)
INV2025-0094,Gulf Coast Telecom,2025-03-10,2025-04-09,PRJ-2001,5100-Materials,8552.28,Pinellas,598.66,9150.94,True,2025-05-06,9150.94,False,False,Gulf Coast Telecom|-9150.94,Paid but No Bank Match,False,False,False,False,5300-Equipment-Rental,True,30,Medium (20–40%)
INV2025-0176,Tidal Contractors,2025-04-05,2025-05-05,PRJ-2001,5300-Equipment-Rental,14354.95,Other_FL,861.3,15216.25,True,2025-05-06,15216.25,False,False,Tidal Contractors|-15216.25,Paid but No Bank Match,False,False,False,False,2100-AP-Trade,True,30,Medium (20–40%)
INV2025-0272,BrightPower Partners,2025-04-09,2025-05-24,PRJ-2001,2100-AP-Trade,4508.78,Other_FL,270.53,4779.31,True,2025-05-12,4779.31,False,False,BrightPower Partners|-4779.31,Paid but No Bank Match,False,False,False,False,5100-Materials,True,30,Medium (20–40%)
INV2025-0295,Tidal Contractors,2025-05-07,2025-06-21,PRJ-2001,5100-Materials,18423.94,Hillsborough,1381.8,19805.74,True,2025-05-23,19805.74,False,False,Tidal Contractors|-19805.74,Paid but No Bank Match,False,False,False,False,2100-AP-Trade,True,30,Medium (20–40%)
INV2025-0076,Tri-County Services,2025-04-04,2025-05-04,PRJ-2001,5100-Materials,17739.62,Hillsborough,1330.47,19070.36,True,2025-05-26,19070.09,True,False,Tri-County Services|-19070.36,Paid but No Bank Match,False,False,False,False,5100-Materials,False,5,Low (5–15%)
INV2025-0146,BrightPower Partners,2025-04-21,2025-05-21,PRJ-2001,2100-AP-Trade,18552.15,Hillsborough,1391.41,19943.56,True,2025-06-04,19943.56,False,False,BrightPower Partners|-19943.56,Paid but No Bank Match,False,False,False,False,5100-Materials,True,30,Medium (20–40%)
INV2025-0288,Sunshine Equipment,2025-06-10,2025-07-10,PRJ-2001,2100-AP-Trade,739.39,Pinellas,51.76,791.15,True,2025-06-16,791.15,False,False,Sunshine Equipment|-791.15,Paid but No Bank Match,False,False,False,False,5300-Equipment-Rental,True,30,Medium (20–40%)
INV2025-0336,Florida Line Crew LLC,2025-04-27,2025-06-11,PRJ-2001,5300-Equipment-Rental,3168.5,Other_FL,190.11,3358.61,True,2025-06-18,3358.61,False,False,Florida Line Crew LLC|-3358.61,Paid but No Bank Match,False,False,False,False,5100-Materials,True,30,Medium (20–40%)
INV2025-0042,Gulf Coast Telecom,2025-05-31,2025-07-15,PRJ-2001,5300-Equipment-Rental,17546.72,Other_FL,1052.8,18599.52,True,2025-06-20,18599.52,False,False,Gulf Coast Telecom|-18599.52,Paid but No Bank Match,False,False,False,False,5300-Equipment-Rental,False,5,Low (5–15%)
INV2025-0066,Tidal Contractors,2025-05-05,2025-06-19,PRJ-2001,2100-AP-Trade,21579.91,Hillsborough,1618.49,23198.4,True,2025-06-20,23198.4,False,False,Tidal Contractors|-23198.4,Paid but No Bank Match,False,False,False,False,2100-AP-Trade,False,5,Low (5–15%)
INV2025-0282,Sunshine Equipment,2025-06-15,2025-07-30,PRJ-2001,5200-Subcontractors,4440.22,Hillsborough,333.02,4773.24,True,2025-06-21,4773.24,False,False,Sunshine Equipment|-4773.24,Paid but No Bank Match,False,False,False,False,5300-Equipment-Rental,True,30,Medium (20–40%)
INV2025-0256,Tampa Grid Services,2025-04-24,2025-06-08,PRJ-2001,5200-Subcontractors,12274.37,Orange,797.83,13072.2,True,2025-06-25,13072.2,False,False,Tampa Grid Services|-13072.2,Paid but No Bank Match,False,False,False,False,5100-Materials,True,30,Medium (20–40%)
INV2025-0252,Skyline Engineering,2025-05-17,2025-07-01,PRJ-2001,2100-AP-Trade,21378.74,Pinellas,1496.51,22875.25,True,2025-06-30,22875.25,False,False,Skyline Engineering|-22875.25,Paid but No Bank Match,False,False,False,False,5300-Equipment-Rental,True,30,Medium (20–40%)
INV2025-0302,Sunline Electrical,2025-06-08,2025-07-23,PRJ-2001,5100-Materials,21233.01,Other_FL,1273.98,22506.99,True,2025-07-02,22506.99,False,False,Sunline Electrical|-22506.99,Paid but No Bank Match,False,False,False,False,5300-Equipment-Rental,True,30,Medium (20–40%)
INV2025-0323,Tri-County Services,2025-06-06,2025-07-21,PRJ-2001,5200-Subcontractors,21769.49,Hillsborough,1632.71,23401.82,True,2025-07-14,23402.2,True,False,Tri-County Services|-23401.82,Paid but No Bank Match,False,False,False,False,5100-Materials,True,30,Medium (20–40%)
INV2025-0313,Tampa Grid Services,2025-05-13,2025-06-12,PRJ-2001,5300-Equipment-Rental,15620.05,Pinellas,1093.4,16713.45,True,2025-07-20,16713.45,False,False,Tampa Grid Services|-16713.45,Paid but No Bank Match,False,False,False,False,5100-Materials,True,30,Medium (20–40%)
INV2025-0185,Sunshine Equipment,2025-05-29,2025-07-13,PRJ-2001,5200-Subcontractors,18734.12,Other_FL,1124.05,19858.17,True,2025-07-29,19858.17,False,False,Sunshine Equipment|-19858.17,Paid but No Bank Match,False,False,False,False,5300-Equipment-Rental,True,30,Medium (20–40%)
INV2025-0324,Florida Line Crew LLC,2025-07-12,2025-08-11,PRJ-2001,5100-Materials,23643.05,Hillsborough,1773.23,25416.28,True,2025-08-02,25416.28,False,False,Florida Line Crew LLC|-25416.28,Paid but No Bank Match,False,False,False,False,5100-Materials,False,5,Low (5–15%)
INV2025-0057,Tri-County Services,2025-06-30,2025-08-14,PRJ-2001,5100-Materials,24518.12,Orange,1593.68,26111.8,True,2025-08-05,26111.8,False,False,Tri-County Services|-26111.8,Paid but No Bank Match,False,False,False,False,5100-Materials,False,5,Low (5–15%)
INV2025-0350,Tri-County Services,2025-06-13,2025-07-28,PRJ-2001,2100-AP-Trade,10886.65,Orange,707.63,11594.28,True,2025-08-05,11594.28,False,False,Tri-County Services|-11594.28,Paid but No Bank Match,False,False,False,False,5100-Materials,True,30,Medium (20–40%)
INV2025-0088,Florida Line Crew LLC,2025-07-11,2025-08-25,PRJ-2001,5100-Materials,18425.37,Pinellas,1289.78,19715.15,True,2025-08-08,19715.15,False,False,Florida Line Crew LLC|-19715.15,Paid but No Bank Match,False,False,False,False,5100-Materials,False,5,Low (5–15%)
INV2025-0218,Skyline Engineering,2025-06-13,2025-07-28,PRJ-2001,2100-AP-Trade,7779.48,Pinellas,544.56,8324.04,True,2025-08-11,8324.04,False,False,Skyline Engineering|-8324.04,Paid but No Bank Match,False,False,False,False,5300-Equipment-Rental,True,30,Medium (20–40%)
INV2025-0127,Skyline Engineering,2025-07-11,2025-08-10,PRJ-2001,5300-Equipment-Rental,9089.4,Orange,590.81,9680.21,True,2025-08-14,9680.21,False,False,Skyline Engineering|-9680.21,Paid but No Bank Match,False,False,False,False,5300-Equipment-Rental,False,5,Low (5–15%)
INV2025-0247,Bay Area Rentals,2025-08-06,2025-09-20,PRJ-2001,5200-Subcontractors,23953.12,Pinellas,1676.72,25629.84,True,2025-08-15,25629.84,False,False,Bay Area Rentals|-25629.84,Paid but No Bank Match,False,False,False,False,5300-Equipment-Rental,True,30,Medium (20–40%)
INV2025-0319,BrightPower Partners,2025-06-30,2025-07-30,PRJ-2001,5300-Equipment-Rental,17306.21,Hillsborough,1297.97,18604.18,True,2025-08-23,18604.18,False,False,BrightPower Partners|-18604.18,Paid but No Bank Match,False,False,False,False,5100-Materials,True,30,Medium (20–40%)
INV2025-0193,Florida Line Crew LLC,2025-07-30,2025-09-13,PRJ-2001,5300-Equipment-Rental,11971.68,Hillsborough,897.88,12869.56,True,2025-09-02,12869.56,False,False,Florida Line Crew LLC|-12869.56,Paid but No Bank Match,False,False,False,False,5100-Materials,True,30,Medium (20–40%)
INV2025-0132,Atlantic Fiber Co,2025-08-28,2025-09-27,PRJ-2001,5300-Equipment-Rental,13662.95,Pinellas,956.41,14619.36,True,2025-09-17,14619.36,False,False,Atlantic Fiber Co|-14619.36,Paid but No Bank Match,False,False,False,False,2100-AP-Trade,True,30,Medium (20–40%)
INV2025-0078,Sunshine Equipment,2025-09-07,2025-10-22,PRJ-2001,5100-Materials,16059.79,Pinellas,1124.19,17183.98,True,2025-09-21,17183.98,False,False,Sunshine Equipment|-17183.98,Paid but No Bank Match,False,False,False,False,5300-Equipment-Rental,True,30,Medium (20–40%)
INV2025-0084,Skyline Engineering,2025-09-10,2025-10-10,PRJ-2001,2100-AP-Trade,17233.67,Other_FL,1034.02,18267.69,True,2025-09-22,18267.69,False,False,Skyline Engineering|-18267.69,Paid but No Bank Match,False,False,False,False,5300-Equipment-Rental,True,30,Medium (20–40%)
INV2025-0065,Peak Materials Supply,2025-08-03,2025-09-02,PRJ-2001,5100-Materials,8539.74,Orange,555.08,9094.82,True,2025-10-08,9094.82,False,False,Peak Materials Supply|-9094.82,Paid but No Bank Match,False,False,False,False,5200-Subcontractors,True,30,Medium (20–40%)
INV2025-0110,Sunline Electrical,2025-09-29,2025-11-13,PRJ-2001,5300-Equipment-Rental,11663.59,Other_FL,699.82,12363.41,True,2025-10-11,12363.41,False,False,Sunline Electrical|-12363.41,Paid but No Bank Match,False,False,False,False,5300-Equipment-Rental,False,5,Low (5–15%)
INV2025-0335,Tidal Contractors,2025-09-22,2025-11-06,PRJ-2001,2100-AP-Trade,21651.67,Hillsborough,1623.88,23275.55,True,2025-10-24,23275.55,False,False,Tidal Contractors|-23275.55,Paid but No Bank Match,False,False,False,False,2100-AP-Trade,False,5,Low (5–15%)
INV2025-0050,Sunline Electrical,2025-10-04,2025-11-18,PRJ-2001,5300-Equipment-Rental,9478.49,Orange,616.1,10094.59,True,2025-10-25,10094.59,False,False,Sunline Electrical|-10094.59,Paid but No Bank Match,False,False,False,False,5300-Equipment-Rental,False,5,Low (5–15%)
INV2025-0093,Tri-County Services,2025-10-11,2025-11-10,PRJ-2001,8900-Other,23789.88,Orange,1546.34,25335.02,True,2025-10-31,25336.22,True,False,Tri-County Services|-25335.02,Paid but No Bank Match,False,False,False,False,5100-Materials,True,30,Medium (20–40%)
INV2025-0308,Gulf Coast Telecom,2025-11-14,2025-12-14,PRJ-2001,5300-Equipment-Rental,10423.01,Pinellas,729.61,11153.5,True,2025-11-20,11152.62,True,False,Gulf Coast Telecom|-11153.5,Paid but No Bank Match,False,False,False,False,5300-Equipment-Rental,False,5,Low (5–15%)
INV2025-0196,Sunshine Equipment,2025-11-15,2025-12-15,PRJ-2001,2100-AP-Trade,8691.89,Hillsborough,651.89,9345.27,True,2025-11-22,9343.78,True,False,Sunshine Equipment|-9345.27,Paid but No Bank Match,False,False,False,False,5300-Equipment-Rental,True,30,Medium (20–40%)
INV2025-0006,Tampa Grid Services,2025-09-28,2025-11-12,PRJ-2001,5200-Subcontractors,19736.81,Pinellas,1381.58,21118.39,True,2025-11-26,21118.39,False,False,Tampa Grid Services|-21118.39,Paid but No Bank Match,False,False,False,False,5100-Materials,True,30,Medium (20–40%)
INV2025-0171,BrightPower Partners,2025-10-16,2025-11-30,PRJ-2001,5300-Equipment-Rental,22400.37,Hillsborough,1680.03,24080.75,True,2025-11-27,24080.4,True,False,BrightPower Partners|-24080.75,Paid but No Bank Match,False,False,False,False,5100-Materials,True,30,Medium (20–40%)
INV2025-0184,Sunline Electrical,2025-11-09,2025-12-24,PRJ-2001,5300-Equipment-Rental,8130.38,Pinellas,569.13,8699.51,True,2025-11-28,8699.51,False,False,Sunline Electrical|-8699.51,Paid but No Bank Match,False,False,False,False,5300-Equipment-Rental,False,5,Low (5–15%)
INV2025-0331,Sunline Electrical,2025-10-06,2025-11-20,PRJ-2001,2100-AP-Trade,20536.94,Orange,1334.9,21871.84,True,2025-12-03,21871.84,False,False,Sunline Electrical|-21871.84,Paid but No Bank Match,False,False,False,False,5300-Equipment-Rental,True,30,Medium (20–40%)
INV2025-0067,Tri-County Services,2025-11-22,2026-01-06,PRJ-2001,2100-AP-Trade,13658.52,Hillsborough,1024.39,14682.91,True,2025-12-04,14682.91,False,False,Tri-County Services|-14682.91,Paid but No Bank Match,False,False,False,False,5100-Materials,True,30,Medium (20–40%)
INV2025-0337,Tampa Grid Services,2025-10-20,2025-12-04,PRJ-2001,5300-Equipment-Rental,12179.04,Hillsborough,913.43,13092.47,True,2025-12-09,13092.47,False,False,Tampa Grid Services|-13092.47,Paid but No Bank Match,False,False,False,False,5100-Materials,True,30,Medium (20–40%)
INV2025-0158,Sunshine Equipment,2025-11-29,2026-01-13,PRJ-2001,2100-AP-Trade,1769.68,Pinellas,123.88,1893.56,True,2025-12-13,1893.56,False,False,Sunshine Equipment|-1893.56,Paid but No Bank Match,False,False,False,False,5300-Equipment-Rental,True,30,Medium (20–40%)
INV2025-0197,Florida Line Crew LLC,2025-10-15,2025-11-14,PRJ-2001,5200-Subcontractors,22487.05,Orange,1461.66,23948.71,True,2025-12-13,23948.71,False,False,Florida Line Crew LLC|-23948.71,Paid but No Bank Match,False,False,False,False,5100-Materials,True,30,Medium (20–40%)
INV2025-0105,Peak Materials Supply,2025-11-08,2025-12-23,PRJ-2001,2100-AP-Trade,11190.23,Pinellas,783.32,11973.85,True,2025-12-27,11973.55,True,False,Peak Materials Supply|-11973.85,Paid but No Bank Match,False,False,False,False,5200-Subcontractors,True,30,Medium (20–40%)
INV2025-0035,Bay Area Rentals,2025-05-06,2025-06-20,PRJ-3005,5300-Equipment-Rental,12491.59,Hillsborough,936.87,13428.64,False,,13428.46,True,True,Bay Area Rentals|-13428.64,Unpaid,False,False,True,False,5300-Equipment-Rental,False,15,Low (5–15%)
INV2025-0041,Atlantic Fiber Co,2025-12-04,2026-01-18,PRJ-3005,5100-Materials,17054.41,Hillsborough,1279.08,18333.49,False,,18333.49,False,True,Atlantic Fiber Co|-18333.49,Unpaid,False,False,False,False,2100-AP-Trade,True,30,Medium (20–40%)
INV2025-0048,Atlantic Fiber Co,2025-12-15,2026-01-14,PRJ-3005,5300-Equipment-Rental,7981.41,Other_FL,478.88,8460.29,False,,8460.29,False,True,Atlantic Fiber Co|-8460.29,Unpaid,False,False,False,False,2100-AP-Trade,True,30,Medium (20–40%)
INV2025-0055,Tri-County Services,2025-06-21,2025-07-21,PRJ-3005,9999-Suspense,23871.25,Pinellas,1670.99,25542.24,False,,25542.24,False,True,Tri-County Services|-25542.24,Unpaid,False,False,True,False,5100-Materials,True,40,Medium (20–40%)
INV2025-0077,Bay Area Rentals,2025-12-07,2026-01-06,PRJ-3005,5100-Materials,4743.45,Pinellas,332.04,5075.49,False,,5075.49,False,True,Bay Area Rentals|-5075.49,Unpaid,False,False,False,False,5300-Equipment-Rental,True,30,Medium (20–40%)
INV2025-0083,BrightPower Partners,2025-11-26,2026-01-10,PRJ-3005,2100-AP-Trade,7212.05,Other_FL,432.72,7644.77,False,,7644.77,False,True,BrightPower Partners|-7644.77,Unpaid,False,False,False,False,5100-Materials,True,30,Medium (20–40%)
INV2025-0100,Sunshine Equipment,2025-12-08,2026-01-07,PRJ-3005,5200-Subcontractors,23707.59,Other_FL,1422.46,25130.05,False,,25130.05,False,True,Sunshine Equipment|-25130.05,Unpaid,False,False,False,False,5300-Equipment-Rental,True,30,Medium (20–40%)
INV2025-0148,Sunline Electrical,2025-11-16,2025-12-31,PRJ-3005,5300-Equipment-Rental,9224.37,Other_FL,1106.92,10331.29,False,,10331.29,False,True,Sunline Electrical|-10331.29,Unpaid,False,False,False,False,5300-Equipment-Rental,False,5,Low (5–15%)
INV2025-0150,Gulf Coast Telecom,2025-12-16,2026-01-15,PRJ-3005,5300-Equipment-Rental,7484.83,Hillsborough,561.36,8046.19,False,,8046.19,False,True,Gulf Coast Telecom|-8046.19,Unpaid,False,False,False,False,5300-Equipment-Rental,False,5,Low (5–15%)
INV2025-0153,Tidal Contractors,2025-12-01,2026-01-15,PRJ-3005,5300-Equipment-Rental,6818.62,Orange,443.21,7263.22,False,,7261.83,True,True,Tidal Contractors|-7263.22,Unpaid,False,False,False,False,2100-AP-Trade,True,30,Medium (20–40%)
INV2025-0182,Tidal Contractors,2025-02-20,2025-03-22,PRJ-3005,5100-Materials,23391.99,Pinellas,1637.44,25029.43,False,,25029.43,False,True,Tidal Contractors|-25029.43,Unpaid,False,False,True,False,2100-AP-Trade,True,40,Medium (20–40%)
INV2025-0188,BrightPower Partners,2025-12-30,2026-02-13,PRJ-3005,5100-Materials,6581.55,Other_FL,394.89,6976.44,False,,6976.44,False,True,BrightPower Partners|-6976.44,Unpaid,False,False,False,False,5100-Materials,False,5,Low (5–15%)
INV2025-0191,BrightPower Partners,2025-05-28,2025-06-27,PRJ-3005,5100-Materials,2591.07,Hillsborough,194.33,2785.4,False,,2785.4,False,True,BrightPower Partners|-2785.4,Unpaid,False,False,True,False,5100-Materials,False,15,Low (5–15%)
INV2025-0204,Peak Materials Supply,2025-02-05,2025-03-07,PRJ-3005,5300-Equipment-Rental,17746.68,Hillsborough,1331.0,19077.68,False,,19077.68,False,True,Peak Materials Supply|-19077.68,Unpaid,False,False,True,False,5200-Subcontractors,True,40,Medium (20–40%)
INV2025-0251,Bay Area Rentals,2025-12-23,2026-02-06,PRJ-3005,2100-AP-Trade,21997.79,Orange,1429.86,23427.65,False,,23427.65,False,True,Bay Area Rentals|-23427.65,Unpaid,False,False,False,False,5300-Equipment-Rental,True,30,Medium (20–40%)
INV2025-0265,Sunline Electrical,2025-12-10,2026-01-09,PRJ-3005,2100-AP-Trade,3646.99,Hillsborough,273.52,3920.51,False,,3920.51,False,True,Sunline Electrical|-3920.51,Unpaid,False,False,False,False,5300-Equipment-Rental,True,30,Medium (20–40%)
INV2025-0346,BrightPower Partners,2025-12-28,2026-01-27,PRJ-3005,5300-Equipment-Rental,563.31,Hillsborough,42.25,605.56,False,,605.56,False,True,BrightPower Partners|-605.56,Unpaid,False,False,False,False,5100-Materials,True,30,Medium (20–40%)
INV2025-0203,Skyline Engineering,2025-01-07,2025-02-21,PRJ-3005,5200-Subcontractors,18529.66,Other_FL,2223.56,20753.71,True,2025-01-30,20753.22,True,False,Skyline Engineering|-20753.71,Paid but No Bank Match,False,False,False,False,5300-Equipment-Rental,True,30,Medium (20–40%)
INV2025-0222,Sunline Electrical,2025-01-17,2025-03-03,PRJ-3005,2100-AP-Trade,17770.68,Hillsborough,1332.8,19103.48,True,2025-02-15,19103.48,False,False,Sunline Electrical|-19103.48,Paid but No Bank Match,False,False,False,False,5300-Equipment-Rental,True,30,Medium (20–40%)
INV2025-0023,Skyline Engineering,2025-03-04,2025-04-03,PRJ-3005,5300-Equipment-Rental,12146.57,Other_FL,728.79,12875.36,True,2025-03-12,12875.36,False,False,Skyline Engineering|-12875.36,Paid but No Bank Match,False,False,False,False,5300-Equipment-Rental,False,5,Low (5–15%)
INV2025-0225,Tri-County Services,2025-01-17,2025-02-16,PRJ-3005,8900-Other,11427.14,Other_FL,685.63,12112.74,True,2025-03-24,12112.77,True,False,Tri-County Services|-12112.74,Paid but No Bank Match,False,False,False,False,5100-Materials,True,30,Medium (20–40%)
INV2025-0091,Bay Area Rentals,2025-03-03,2025-04-17,PRJ-3005,5300-Equipment-Rental,10045.64,Other_FL,602.74,10647.87,True,2025-03-26,10648.38,True,False,Bay Area Rentals|-10647.87,Paid but No Bank Match,False,False,False,False,5300-Equipment-Rental,False,5,Low (5–15%)
INV2025-0223,Atlantic Fiber Co,2025-02-08,2025-03-10,PRJ-3005,5300-Equipment-Rental,2405.25,Orange,156.34,2561.59,True,2025-04-04,2561.59,False,False,Atlantic Fiber Co|-2561.59,Paid but No Bank Match,False,False,False,False,2100-AP-Trade,True,30,Medium (20–40%)
INV2025-0116,Sunline Electrical,2025-03-06,2025-04-20,PRJ-3005,5200-Subcontractors,24639.51,Pinellas,1724.77,26364.28,True,2025-04-05,26364.28,False,False,Sunline Electrical|-26364.28,Paid but No Bank Match,False,False,False,False,5300-Equipment-Rental,True,30,Medium (20–40%)
INV2025-0114,Skyline Engineering,2025-02-15,2025-03-17,PRJ-3005,2100-AP-Trade,23543.03,Hillsborough,1765.73,25307.55,True,2025-04-07,25308.76,True,False,Skyline Engineering|-25307.55,Paid but No Bank Match,False,False,False,False,5300-Equipment-Rental,True,30,Medium (20–40%)
INV2025-0026,Bay Area Rentals,2025-03-07,2025-04-06,PRJ-3005,2100-AP-Trade,7743.03,Orange,503.3,8246.33,True,2025-04-08,8246.33,False,False,Bay Area Rentals|-8246.33,Paid but No Bank Match,False,False,False,False,5300-Equipment-Rental,True,30,Medium (20–40%)
INV2025-0160,Peak Materials Supply,2025-03-25,2025-04-24,PRJ-3005,2100-AP-Trade,17196.82,Pinellas,1203.78,18399.22,True,2025-04-13,18400.6,True,False,Peak Materials Supply|-18399.22,Paid but No Bank Match,False,False,False,False,5200-Subcontractors,True,30,Medium (20–40%)
INV2025-0332,Bay Area Rentals,2025-03-30,2025-05-14,PRJ-3005,5300-Equipment-Rental,15940.11,Orange,1036.11,16977.32,True,2025-04-18,16976.22,True,False,Bay Area Rentals|-16977.32,Paid but No Bank Match,False,False,False,False,5300-Equipment-Rental,False,5,Low (5–15%)
INV2025-0134,Florida Line Crew LLC,2025-04-03,2025-05-03,PRJ-3005,9999-Suspense,15247.42,Orange,991.08,16238.43,True,2025-04-28,16238.5,True,False,Florida Line Crew LLC|-16238.43,Paid but No Bank Match,False,False,False,False,5100-Materials,True,30,Medium (20–40%)
INV2025-0246,Sunshine Equipment,2025-03-04,2025-04-18,PRJ-3005,2100-AP-Trade,20850.74,Orange,1355.3,22206.04,True,2025-05-04,22206.04,False,False,Sunshine Equipment|-22206.04,Paid but No Bank Match,False,False,False,False,5300-Equipment-Rental,True,30,Medium (20–40%)
INV2025-0137,Sunshine Equipment,2025-03-14,2025-04-13,PRJ-3005,5300-Equipment-Rental,12288.06,Other_FL,737.28,13025.34,True,2025-05-13,13025.34,False,False,Sunshine Equipment|-13025.34,Paid but No Bank Match,False,False,False,False,5300-Equipment-Rental,False,5,Low (5–15%)
INV2025-0286,Skyline Engineering,2025-04-12,2025-05-12,PRJ-3005,5100-Materials,18244.99,Orange,1185.92,19430.91,True,2025-05-27,19430.91,False,False,Skyline Engineering|-19430.91,Paid but No Bank Match,False,False,False,False,5300-Equipment-Rental,True,30,Medium (20–40%)
INV2025-0305,Sunshine Equipment,2025-05-11,2025-06-25,PRJ-3005,5300-Equipment-Rental,15973.23,Pinellas,1118.13,17091.36,True,2025-06-10,17091.36,False,False,Sunshine Equipment|-17091.36,Paid but No Bank Match,False,False,False,False,5300-Equipment-Rental,False,5,Low (5–15%)
INV2025-0262,Peak Materials Supply,2025-06-09,2025-07-24,PRJ-3005,5300-Equipment-Rental,18715.95,Other_FL,1122.96,19838.91,True,2025-06-15,19838.91,False,False,Peak Materials Supply|-19838.91,Paid but No Bank Match,False,False,False,False,5200-Subcontractors,True,30,Medium (20–40%)
INV2025-0179,Atlantic Fiber Co,2025-04-14,2025-05-14,PRJ-3005,2100-AP-Trade,15480.63,Pinellas,1083.64,16564.27,True,2025-06-17,16564.27,False,False,Atlantic Fiber Co|-16564.27,Paid but No Bank Match,False,False,False,False,2100-AP-Trade,False,5,Low (5–15%)
INV2025-0111,Tidal Contractors,2025-05-02,2025-06-01,PRJ-3005,5100-Materials,11860.61,Orange,770.94,12631.55,True,2025-06-25,12631.55,False,False,Tidal Contractors|-12631.55,Paid but No Bank Match,False,False,False,False,2100-AP-Trade,True,30,Medium (20–40%)
INV2025-0240,Bay Area Rentals,2025-05-22,2025-06-21,PRJ-3005,5300-Equipment-Rental,21394.13,Hillsborough,1604.56,22998.45,True,2025-07-02,22998.69,True,False,Bay Area Rentals|-22998.45,Paid but No Bank Match,False,False,False,False,5300-Equipment-Rental,False,5,Low (5–15%)
INV2025-0303,Skyline Engineering,2025-06-01,2025-07-16,PRJ-3005,5100-Materials,13092.9,Pinellas,916.5,14009.31,True,2025-07-09,14009.4,True,False,Skyline Engineering|-14009.31,Paid but No Bank Match,False,False,False,False,5300-Equipment-Rental,True,30,Medium (20–40%)
INV2025-0236,Sunline Electrical,2025-05-21,2025-06-20,PRJ-3005,2100-AP-Trade,23348.45,Hillsborough,1751.13,25099.58,True,2025-07-10,25099.58,False,False,Sunline Electrical|-25099.58,Paid but No Bank Match,False,False,False,False,5300-Equipment-Rental,True,30,Medium (20–40%)
INV2025-0106,Tampa Grid Services,2025-06-09,2025-07-09,PRJ-3005,5100-Materials,8405.82,Pinellas,588.41,8994.23,True,2025-07-19,8994.23,False,False,Tampa Grid Services|-8994.23,Paid but No Bank Match,False,False,False,False,5100-Materials,False,5,Low (5–15%)
INV2025-0280,Tampa Grid Services,2025-06-30,2025-08-14,PRJ-3005,5300-Equipment-Rental,24204.03,Orange,1573.26,25777.29,True,2025-07-19,25777.29,False,False,Tampa Grid Services|-25777.29,Paid but No Bank Match,False,False,False,False,5100-Materials,True,30,Medium (20–40%)
INV2025-0096,Skyline Engineering,2025-07-05,2025-08-04,PRJ-3005,5300-Equipment-Rental,13963.46,Pinellas,977.44,14940.9,True,2025-07-27,14940.9,False,False,Skyline Engineering|-14940.9,Paid but No Bank Match,False,False,False,False,5300-Equipment-Rental,False,5,Low (5–15%)
INV2025-0071,Skyline Engineering,2025-05-25,2025-06-24,PRJ-3005,5100-Materials,11121.26,Hillsborough,834.09,11954.84,True,2025-07-30,11955.35,True,False,Skyline Engineering|-11954.84,Paid but No Bank Match,False,False,False,False,5300-Equipment-Rental,True,30,Medium (20–40%)
INV2025-0102,BrightPower Partners,2025-06-16,2025-07-31,PRJ-3005,5200-Subcontractors,22705.68,Pinellas,1589.4,24295.08,True,2025-08-04,24295.08,False,False,BrightPower Partners|-24295.08,Paid but No Bank Match,False,False,False,False,5100-Materials,True,30,Medium (20–40%)
INV2025-0058,Atlantic Fiber Co,2025-06-10,2025-07-25,PRJ-3005,5100-Materials,4652.57,Orange,302.42,4954.99,True,2025-08-07,4954.99,False,False,Atlantic Fiber Co|-4954.99,Paid but No Bank Match,False,False,False,False,2100-AP-Trade,True,30,Medium (20–40%)
INV2025-0015,Tampa Grid Services,2025-08-05,2025-09-19,PRJ-3005,5200-Subcontractors,13796.05,Pinellas,965.72,14762.56,True,2025-08-24,14761.77,True,False,Tampa Grid Services|-14762.56,Paid but No Bank Match,False,False,False,False,5100-Materials,True,30,Medium (20–40%)
INV2025-0322,Tidal Contractors,2025-08-22,2025-09-21,PRJ-3005,5300-Equipment-Rental,4478.36,Hillsborough,335.88,4814.24,True,2025-09-03,4814.24,False,False,Tidal Contractors|-4814.24,Paid but No Bank Match,False,False,False,False,2100-AP-Trade,True,30,Medium (20–40%)
INV2025-0125,Skyline Engineering,2025-08-10,2025-09-24,PRJ-3005,5100-Materials,14953.92,Hillsborough,1121.54,16076.4,True,2025-09-06,16075.46,True,False,Skyline Engineering|-16076.4,Paid but No Bank Match,False,False,False,False,5300-Equipment-Rental,True,30,Medium (20–40%)
INV2025-0195,BrightPower Partners,2025-07-13,2025-08-12,PRJ-3005,2100-AP-Trade,12286.65,Hillsborough,921.5,13208.15,True,2025-09-06,13208.15,False,False,BrightPower Partners|-13208.15,Paid but No Bank Match,False,False,False,False,5100-Materials,True,30,Medium (20–40%)
INV2025-0097,BrightPower Partners,2025-08-27,2025-10-11,PRJ-3005,5300-Equipment-Rental,19157.01,Pinellas,1340.99,20498.0,True,2025-09-07,20498.0,False,False,BrightPower Partners|-20498,Paid but No Bank Match,False,False,False,False,5100-Materials,True,30,Medium (20–40%)
INV2025-0289,Sunline Electrical,2025-08-13,2025-09-12,PRJ-3005,5300-Equipment-Rental,9090.36,Pinellas,636.33,9726.69,True,2025-09-12,9726.69,False,False,Sunline Electrical|-9726.69,Paid but No Bank Match,False,False,False,False,5300-Equipment-Rental,False,5,Low (5–15%)
INV2025-0079,Sunline Electrical,2025-09-07,2025-10-07,PRJ-3005,6000-Misc-Expense,12775.48,Orange,830.41,13605.25,True,2025-09-15,13605.89,True,False,Sunline Electrical|-13605.25,Paid but No Bank Match,False,False,False,False,5300-Equipment-Rental,True,30,Medium (20–40%)
INV2025-0347,Peak Materials Supply,2025-08-02,2025-09-16,PRJ-3005,5100-Materials,19946.72,Orange,1296.54,21243.26,True,2025-09-17,21243.26,False,False,Peak Materials Supply|-21243.26,Paid but No Bank Match,False,False,False,False,5200-Subcontractors,True,30,Medium (20–40%)
INV2025-0159,Peak Materials Supply,2025-09-18,2025-11-02,PRJ-3005,2100-AP-Trade,24754.03,Pinellas,1732.78,26486.81,True,2025-09-24,26486.81,False,False,Peak Materials Supply|-26486.81,Paid but No Bank Match,False,False,False,False,5200-Subcontractors,True,30,Medium (20–40%)
INV2025-0107,Gulf Coast Telecom,2025-08-15,2025-09-29,PRJ-3005,5200-Subcontractors,2348.15,Other_FL,140.89,2489.35,True,2025-10-07,2489.04,True,False,Gulf Coast Telecom|-2489.35,Paid but No Bank Match,False,False,False,False,5300-Equipment-Rental,True,30,Medium (20–40%)
INV2025-0229,Atlantic Fiber Co,2025-10-09,2025-11-08,PRJ-3005,2100-AP-Trade,22929.46,Pinellas,1605.06,24534.88,True,2025-10-20,24534.52,True,False,Atlantic Fiber Co|-24534.88,Paid but No Bank Match,False,False,False,False,2100-AP-Trade,False,5,Low (5–15%)
INV2025-0217,Peak Materials Supply,2025-10-19,2025-11-18,PRJ-3005,5200-Subcontractors,2172.12,Orange,141.19,2313.31,True,2025-11-03,2313.31,False,False,Peak Materials Supply|-2313.31,Paid but No Bank Match,False,False,False,False,5200-Subcontractors,False,5,Low (5–15%)
INV2025-0140,Tidal Contractors,2025-10-30,2025-12-14,PRJ-3005,5200-Subcontractors,12370.81,Orange,804.1,13174.91,True,2025-11-05,13174.91,False,False,Tidal Contractors|-13174.91,Paid but No Bank Match,False,False,False,False,2100-AP-Trade,True,30,Medium (20–40%)
INV2025-0062,Peak Materials Supply,2025-09-04,2025-10-04,PRJ-3005,5200-Subcontractors,6777.07,Hillsborough,508.28,7285.35,True,2025-11-07,7285.35,False,False,Peak Materials Supply|-7285.35,Paid but No Bank Match,False,False,False,False,5200-Subcontractors,False,5,Low (5–15%)
INV2025-0183,Gulf Coast Telecom,2025-09-14,2025-10-29,PRJ-3005,5200-Subcontractors,24628.61,Orange,1600.86,26229.47,True,2025-11-11,26229.47,False,False,Gulf Coast Telecom|-26229.47,Paid but No Bank Match,False,False,False,False,5300-Equipment-Rental,True,30,Medium (20–40%)
INV2025-0314,BrightPower Partners,2025-10-11,2025-11-25,PRJ-3005,2100-AP-Trade,18541.85,Hillsborough,1390.64,19932.49,True,2025-11-21,19932.49,False,False,BrightPower Partners|-19932.49,Paid but No Bank Match,False,False,False,False,5100-Materials,True,30,Medium (20–40%)
INV2025-0164,Tidal Contractors,2025-11-16,2025-12-31,PRJ-3005,2100-AP-Trade,21124.81,Hillsborough,1584.36,22709.17,True,2025-12-04,22709.17,False,False,Tidal Contractors|-22709.17,Paid but No Bank Match,False,False,False,False,2100-AP-Trade,False,5,Low (5–15%)
INV2025-0181,Bay Area Rentals,2025-11-24,2026-01-08,PRJ-3005,5100-Materials,19395.54,Other_FL,1163.73,20559.27,True,2025-12-07,20559.27,False,False,Bay Area Rentals|-20559.27,Paid but No Bank Match,False,False,False,False,5300-Equipment-Rental,True,30,Medium (20–40%)
INV2025-0318,Gulf Coast Telecom,2025-11-21,2025-12-21,PRJ-3005,2100-AP-Trade,14824.43,Pinellas,1037.71,15862.91,True,2025-12-15,15862.14,True,False,Gulf Coast Telecom|-15862.91,Paid but No Bank Match,False,False,False,False,5300-Equipment-Rental,True,30,Medium (20–40%)
INV2025-0243,Skyline Engineering,2025-10-20,2025-12-04,PRJ-3005,5300-Equipment-Rental,2690.57,Hillsborough,201.79,2892.36,True,2025-12-19,2892.36,False,False,Skyline Engineering|-2892.36,Paid but No Bank Match,False,False,False,False,5300-Equipment-Rental,False,5,Low (5–15%)
INV2025-0333,Tampa Grid Services,2025-11-12,2025-12-27,PRJ-3005,5200-Subcontractors,15113.89,Orange,982.4,16096.29,True,2025-12-21,16096.29,False,False,Tampa Grid Services|-16096.29,Paid but No Bank Match,False,False,False,False,5100-Materials,True,30,Medium (20–40%)
INV2025-0317,Sunline Electrical,2025-10-20,2025-11-19,PRJ-3005,8900-Other,1463.92,Other_FL,87.84,1551.76,True,2025-12-22,1551.76,False,False,Sunline Electrical|-1551.76,Paid but No Bank Match,False,False,False,False,5300-Equipment-Rental,True,30,Medium (20–40%)
INV2025-0005,Atlantic Fiber Co,2025-02-28,2025-04-14,PRJ-4003,5200-Subcontractors,1643.31,Hillsborough,123.25,1766.47,False,,1766.56,True,True,Atlantic Fiber Co|-1766.47,Unpaid,False,False,True,False,2100-AP-Trade,True,40,Medium (20–40%)
INV2025-0027,Tidal Contractors,2025-01-28,2025-02-27,PRJ-4003,2100-AP-Trade,10704.49,Orange,695.79,11400.28,False,,11400.28,False,True,Tidal Contractors|-11400.28,Unpaid,False,False,True,False,2100-AP-Trade,False,15,Low (5–15%)
INV2025-0029,Tidal Contractors,2025-10-10,2025-11-09,PRJ-4003,5200-Subcontractors,20541.36,Other_FL,1232.48,21773.84,False,,21773.84,False,True,Tidal Contractors|-21773.84,Unpaid,False,False,True,False,2100-AP-Trade,True,40,Medium (20–40%)
INV2025-0069,Tidal Contractors,2025-12-31,2026-02-14,PRJ-4003,2100-AP-Trade,10578.17,Hillsborough,793.36,11371.53,False,,11371.53,False,True,Tidal Contractors|-11371.53,Unpaid,False,False,False,False,2100-AP-Trade,False,5,Low (5–15%)
INV2025-0086,Tri-County Services,2025-07-15,2025-08-29,PRJ-4003,5200-Subcontractors,9034.25,Hillsborough,677.57,9711.82,False,,9711.82,False,True,Tri-County Services|-9711.82,Unpaid,False,False,True,False,5100-Materials,True,40,Medium (20–40%)
INV2025-0109,Skyline Engineering,2025-05-24,2025-06-23,PRJ-4003,5300-Equipment-Rental,22923.73,Other_FL,1375.42,24299.15,False,,24299.15,False,True,Skyline Engineering|-24299.15,Unpaid,False,False,True,False,5300-Equipment-Rental,False,15,Low (5–15%)
INV2025-0131,Sunshine Equipment,2025-12-06,2026-01-20,PRJ-4003,5200-Subcontractors,24510.8,Orange,1593.2,26104.0,False,,26104.0,False,True,Sunshine Equipment|-26104,Unpaid,False,False,False,False,5300-Equipment-Rental,True,30,Medium (20–40%)
INV2025-0168,Peak Materials Supply,2025-12-19,2026-01-18,PRJ-4003,5300-Equipment-Rental,12816.65,Other_FL,769.0,13585.65,False,,13585.65,False,True,Peak Materials Supply|-13585.65,Unpaid,False,False,False,False,5200-Subcontractors,True,30,Medium (20–40%)
INV2025-0207,Sunline Electrical,2025-12-21,2026-01-20,PRJ-4003,8900-Other,19208.34,Other_FL,1152.5,20360.84,False,,20360.84,False,True,Sunline Electrical|-20360.84,Unpaid,False,False,False,False,5300-Equipment-Rental,True,30,Medium (20–40%)
INV2025-0233,Tampa Grid Services,2025-12-30,2026-01-29,PRJ-4003,5200-Subcontractors,20197.44,Pinellas,1413.82,21611.26,False,,21611.26,False,True,Tampa Grid Services|-21611.26,Unpaid,False,False,False,False,5100-Materials,True,30,Medium (20–40%)
INV2025-0242,Tampa Grid Services,2025-11-01,2025-12-16,PRJ-4003,5200-Subcontractors,3548.72,Other_FL,212.92,3761.64,False,,3761.64,False,True,Tampa Grid Services|-3761.64,Unpaid,False,False,False,False,5100-Materials,True,30,Medium (20–40%)
INV2025-0255,Bay Area Rentals,2025-11-12,2025-12-12,PRJ-4003,5200-Subcontractors,22414.76,Hillsborough,1681.11,24096.63,False,,24095.87,True,True,Bay Area Rentals|-24096.63,Unpaid,False,False,False,False,5300-Equipment-Rental,True,30,Medium (20–40%)
INV2025-0261,Tampa Grid Services,2025-08-23,2025-09-22,PRJ-4003,9999-Suspense,11904.02,Hillsborough,892.8,12796.82,False,,12796.82,False,True,Tampa Grid Services|-12796.82,Unpaid,False,False,True,False,5100-Materials,True,40,Medium (20–40%)
INV2025-0285,Tri-County Services,2025-06-15,2025-07-15,PRJ-4003,5300-Equipment-Rental,17527.06,Other_FL,1051.62,18578.68,False,,18578.68,False,True,Tri-County Services|-18578.68,Unpaid,False,False,True,False,5100-Materials,True,40,Medium (20–40%)
INV2025-0301,Tampa Grid Services,2025-07-26,2025-08-25,PRJ-4003,5100-Materials,11834.26,Other_FL,710.06,12544.32,False,,12544.32,False,True,Tampa Grid Services|-12544.32,Unpaid,False,False,True,False,5100-Materials,False,15,Low (5–15%)
INV2025-0307,Florida Line Crew LLC,2025-11-30,2025-12-30,PRJ-4003,2100-AP-Trade,10619.26,Orange,690.25,11309.51,False,,11309.51,False,True,Florida Line Crew LLC|-11309.51,Unpaid,False,False,False,False,5100-Materials,True,30,Medium (20–40%)
INV2025-0338,BrightPower Partners,2025-12-30,2026-02-13,PRJ-4003,6000-Misc-Expense,946.7,Orange,61.54,1008.24,False,,1008.24,False,True,BrightPower Partners|-1008.24,Unpaid,False,False,False,False,5100-Materials,True,30,Medium (20–40%)
INV2025-0344,Gulf Coast Telecom,2025-11-08,2025-12-08,PRJ-4003,5200-Subcontractors,5038.1,Other_FL,302.29,5340.39,False,,5340.39,False,True,Gulf Coast Telecom|-5340.39,Unpaid,False,False,False,False,5300-Equipment-Rental,True,30,Medium (20–40%)
INV2025-0209,Tri-County Services,2025-01-09,2025-02-08,PRJ-4003,5200-Subcontractors,16020.22,Pinellas,1121.42,17141.53,True,2025-02-04,17141.64,True,False,Tri-County Services|-17141.53,Paid but No Bank Match,False,False,False,False,5100-Materials,True,30,Medium (20–40%)
INV2025-0173,Gulf Coast Telecom,2025-01-05,2025-02-19,PRJ-4003,2100-AP-Trade,8881.0,Other_FL,532.86,9413.86,True,2025-02-09,9413.86,False,False,Gulf Coast Telecom|-9413.86,Paid but No Bank Match,False,False,False,False,5300-Equipment-Rental,True,30,Medium (20–40%)
INV2025-0177,Gulf Coast Telecom,2025-03-10,2025-04-09,PRJ-4003,5100-Materials,23997.33,Pinellas,1679.81,25677.14,True,2025-03-20,25677.14,False,False,Gulf Coast Telecom|-25677.14,Paid but No Bank Match,False,False,False,False,5300-Equipment-Rental,True,30,Medium (20–40%)
INV2025-0287,Skyline Engineering,2025-03-17,2025-05-01,PRJ-4003,9999-Suspense,3991.14,Hillsborough,299.34,4290.48,True,2025-04-10,4290.48,False,False,Skyline Engineering|-4290.48,Paid but No Bank Match,False,False,False,False,5300-Equipment-Rental,True,30,Medium (20–40%)
INV2025-0020,Atlantic Fiber Co,2025-03-03,2025-04-17,PRJ-4003,5300-Equipment-Rental,18375.35,Other_FL,1102.52,19477.87,True,2025-04-11,19477.87,False,False,Atlantic Fiber Co|-19477.87,Paid but No Bank Match,False,False,False,False,2100-AP-Trade,True,30,Medium (20–40%)
INV2025-0166,Gulf Coast Telecom,2025-03-03,2025-04-02,PRJ-4003,2100-AP-Trade,21991.41,Orange,1429.44,23420.85,True,2025-04-16,23420.85,False,False,Gulf Coast Telecom|-23420.85,Paid but No Bank Match,False,False,False,False,5300-Equipment-Rental,True,30,Medium (20–40%)
INV2025-0296,Tri-County Services,2025-03-28,2025-05-12,PRJ-4003,5200-Subcontractors,12242.33,Hillsborough,918.17,13160.5,True,2025-04-20,13160.5,False,False,Tri-County Services|-13160.5,Paid but No Bank Match,False,False,False,False,5100-Materials,True,30,Medium (20–40%)
INV2025-0033,Tri-County Services,2025-04-23,2025-06-07,PRJ-4003,5100-Materials,24944.64,Orange,1621.4,26565.65,True,2025-04-29,26566.04,True,False,Tri-County Services|-26565.65,Paid but No Bank Match,False,False,False,False,5100-Materials,False,5,Low (5–15%)
INV2025-0208,Peak Materials Supply,2025-04-30,2025-05-30,PRJ-4003,6000-Misc-Expense,12041.1,Pinellas,842.88,12883.98,True,2025-05-18,12883.98,False,False,Peak Materials Supply|-12883.98,Paid but No Bank Match,False,False,False,False,5200-Subcontractors,True,30,Medium (20–40%)
INV2025-0056,Skyline Engineering,2025-04-09,2025-05-09,PRJ-4003,2100-AP-Trade,23850.26,Other_FL,1431.02,25281.28,True,2025-05-29,25281.28,False,False,Skyline Engineering|-25281.28,Paid but No Bank Match,False,False,False,False,5300-Equipment-Rental,True,30,Medium (20–40%)
INV2025-0219,Sunshine Equipment,2025-04-21,2025-05-21,PRJ-4003,8900-Other,3807.53,Orange,247.49,4055.02,True,2025-05-31,4055.02,False,False,Sunshine Equipment|-4055.02,Paid but No Bank Match,False,False,False,False,5300-Equipment-Rental,True,30,Medium (20–40%)
INV2025-0130,Bay Area Rentals,2025-05-13,2025-06-12,PRJ-4003,5200-Subcontractors,11754.0,Other_FL,705.24,12459.24,True,2025-06-03,12459.24,False,False,Bay Area Rentals|-12459.24,Paid but No Bank Match,False,False,False,False,5300-Equipment-Rental,True,30,Medium (20–40%)
INV2025-0224,Tri-County Services,2025-04-12,2025-05-27,PRJ-4003,5100-Materials,9343.86,Other_FL,560.63,9905.39,True,2025-06-04,9904.49,True,False,Tri-County Services|-9905.39,Paid but No Bank Match,False,False,False,False,5100-Materials,False,5,Low (5–15%)
INV2025-0250,Tidal Contractors,2025-05-25,2025-06-24,PRJ-4003,5200-Subcontractors,20487.91,Hillsborough,1536.59,22024.5,True,2025-06-12,22024.5,False,False,Tidal Contractors|-22024.5,Paid but No Bank Match,False,False,False,False,2100-AP-Trade,True,30,Medium (20–40%)
INV2025-0342,Florida Line Crew LLC,2025-06-07,2025-07-22,PRJ-4003,2100-AP-Trade,7179.29,Pinellas,502.55,7681.84,True,2025-06-18,7681.84,False,False,Florida Line Crew LLC|-7681.84,Paid but No Bank Match,False,False,False,False,5100-Materials,True,30,Medium (20–40%)
INV2025-0039,Florida Line Crew LLC,2025-05-28,2025-06-27,PRJ-4003,5100-Materials,5895.91,Orange,383.23,6279.14,True,2025-06-20,6279.14,False,False,Florida Line Crew LLC|-6279.14,Paid but No Bank Match,False,False,False,False,5100-Materials,False,5,Low (5–15%)
INV2025-0241,Gulf Coast Telecom,2025-06-02,2025-07-17,PRJ-4003,5100-Materials,22803.31,Hillsborough,1710.25,24513.08,True,2025-06-21,24513.56,True,False,Gulf Coast Telecom|-24513.08,Paid but No Bank Match,False,False,False,False,5300-Equipment-Rental,True,30,Medium (20–40%)
INV2025-0064,Gulf Coast Telecom,2025-05-22,2025-06-21,PRJ-4003,5100-Materials,8780.88,Orange,570.76,9351.64,True,2025-06-27,9351.64,False,False,Gulf Coast Telecom|-9351.64,Paid but No Bank Match,False,False,False,False,5300-Equipment-Rental,True,30,Medium (20–40%)
INV2025-0260,Peak Materials Supply,2025-06-19,2025-08-03,PRJ-4003,2100-AP-Trade,17625.27,Hillsborough,1321.9,18947.55,True,2025-06-28,18947.17,True,False,Peak Materials Supply|-18947.55,Paid but No Bank Match,False,False,False,False,5200-Subcontractors,True,30,Medium (20–40%)
INV2025-0213,Tidal Contractors,2025-06-02,2025-07-17,PRJ-4003,5200-Subcontractors,18144.96,Pinellas,1270.15,19415.14,True,2025-07-03,19415.11,True,False,Tidal Contractors|-19415.14,Paid but No Bank Match,False,False,False,False,2100-AP-Trade,True,30,Medium (20–40%)
INV2025-0300,Skyline Engineering,2025-05-11,2025-06-10,PRJ-4003,5300-Equipment-Rental,10379.9,Pinellas,726.59,11106.49,True,2025-07-08,11106.49,False,False,Skyline Engineering|-11106.49,Paid but No Bank Match,False,False,False,False,5300-Equipment-Rental,False,5,Low (5–15%)
INV2025-0092,Tri-County Services,2025-06-26,2025-07-26,PRJ-4003,5300-Equipment-Rental,23984.27,Pinellas,1678.9,25663.42,True,2025-07-09,25663.17,True,False,Tri-County Services|-25663.42,Paid but No Bank Match,False,False,False,False,5100-Materials,True,30,Medium (20–40%)
INV2025-0101,Skyline Engineering,2025-05-12,2025-06-26,PRJ-4003,5300-Equipment-Rental,17850.44,Pinellas,1249.53,19099.97,True,2025-07-09,19099.97,False,False,Skyline Engineering|-19099.97,Paid but No Bank Match,False,False,False,False,5300-Equipment-Rental,False,5,Low (5–15%)
INV2025-0103,Tri-County Services,2025-05-21,2025-07-05,PRJ-4003,5300-Equipment-Rental,14501.09,Pinellas,1015.08,15516.17,True,2025-07-25,15516.17,False,False,Tri-County Services|-15516.17,Paid but No Bank Match,False,False,False,False,5100-Materials,True,30,Medium (20–40%)
INV2025-0190,Sunshine Equipment,2025-06-03,2025-07-03,PRJ-4003,5300-Equipment-Rental,16756.67,Hillsborough,1256.75,18013.42,True,2025-07-26,18013.42,False,False,Sunshine Equipment|-18013.42,Paid but No Bank Match,False,False,False,False,5300-Equipment-Rental,False,5,Low (5–15%)
INV2025-0180,Sunshine Equipment,2025-06-20,2025-08-04,PRJ-4003,8900-Other,14345.76,Orange,932.47,15278.23,True,2025-07-31,15278.23,False,False,Sunshine Equipment|-15278.23,Paid but No Bank Match,False,False,False,False,5300-Equipment-Rental,True,30,Medium (20–40%)
INV2025-0205,Atlantic Fiber Co,2025-07-16,2025-08-30,PRJ-4003,5200-Subcontractors,6855.87,Orange,445.63,7301.5,True,2025-08-01,7301.5,False,False,Atlantic Fiber Co|-7301.5,Paid but No Bank Match,False,False,False,False,2100-AP-Trade,True,30,Medium (20–40%)
INV2025-0178,Peak Materials Supply,2025-07-19,2025-08-18,PRJ-4003,5300-Equipment-Rental,7554.28,Hillsborough,566.57,8120.85,True,2025-08-05,8120.85,False,False,Peak Materials Supply|-8120.85,Paid but No Bank Match,False,False,False,False,5200-Subcontractors,True,30,Medium (20–40%)
INV2025-0082,Sunline Electrical,2025-06-28,2025-07-28,PRJ-4003,5300-Equipment-Rental,15835.52,Orange,1029.31,16865.68,True,2025-08-11,16864.83,True,False,Sunline Electrical|-16865.68,Paid but No Bank Match,False,False,False,False,5300-Equipment-Rental,False,5,Low (5–15%)
INV2025-0189,Sunline Electrical,2025-07-17,2025-08-16,PRJ-4003,5200-Subcontractors,8131.09,Hillsborough,609.83,8740.92,True,2025-08-12,8740.92,False,False,Sunline Electrical|-8740.92,Paid but No Bank Match,False,False,False,False,5300-Equipment-Rental,True,30,Medium (20–40%)
INV2025-0122,Tri-County Services,2025-07-24,2025-08-23,PRJ-4003,5100-Materials,22016.41,Other_FL,0.0,22016.25,True,2025-08-31,22016.41,True,False,Tri-County Services|-22016.25,Paid but No Bank Match,False,False,False,False,5100-Materials,False,5,Low (5–15%)
INV2025-0004,Tidal Contractors,2025-07-11,2025-08-10,PRJ-4003,9999-Suspense,15628.3,Other_FL,937.7,16566.0,True,2025-09-02,16566.0,False,False,Tidal Contractors|-16566,Paid but No Bank Match,False,False,False,False,2100-AP-Trade,True,30,Medium (20–40%)
INV2025-0087,BrightPower Partners,2025-08-05,2025-09-19,PRJ-4003,5200-Subcontractors,7409.85,Other_FL,444.59,7854.44,True,2025-09-02,7854.44,False,False,BrightPower Partners|-7854.44,Paid but No Bank Match,False,False,False,False,5100-Materials,True,30,Medium (20–40%)
INV2025-0052,Atlantic Fiber Co,2025-08-26,2025-09-25,PRJ-4003,2100-AP-Trade,24482.88,Orange,1591.39,26073.33,True,2025-09-07,26074.27,True,False,Atlantic Fiber Co|-26073.33,Paid but No Bank Match,False,False,False,False,2100-AP-Trade,False,5,Low (5–15%)
INV2025-0024,Tidal Contractors,2025-08-10,2025-09-24,PRJ-4003,2100-AP-Trade,15308.23,Hillsborough,1148.12,16455.94,True,2025-09-12,16456.35,True,False,Tidal Contractors|-16455.94,Paid but No Bank Match,False,False,False,False,2100-AP-Trade,False,5,Low (5–15%)
INV2025-0010,Gulf Coast Telecom,2025-09-21,2025-11-05,PRJ-4003,5200-Subcontractors,22778.35,Pinellas,1594.48,24373.91,True,2025-09-29,24372.83,True,False,Gulf Coast Telecom|-24373.91,Paid but No Bank Match,False,False,False,False,5300-Equipment-Rental,True,30,Medium (20–40%)
INV2025-0031,Sunline Electrical,2025-08-22,2025-09-21,PRJ-4003,2100-AP-Trade,23601.29,Hillsborough,1770.1,25371.39,True,2025-10-17,25371.39,False,False,Sunline Electrical|-25371.39,Paid but No Bank Match,False,False,False,False,5300-Equipment-Rental,True,30,Medium (20–40%)
INV2025-0037,Skyline Engineering,2025-10-07,2025-11-06,PRJ-4003,5100-Materials,24593.87,Hillsborough,1844.54,26438.22,True,2025-10-27,26438.41,True,False,Skyline Engineering|-26438.22,Paid but No Bank Match,False,False,False,False,5300-Equipment-Rental,True,30,Medium (20–40%)
INV2025-0238,Tidal Contractors,2025-09-29,2025-10-29,PRJ-4003,2100-AP-Trade,24610.04,Orange,1599.65,26209.69,True,2025-10-28,26209.69,False,False,Tidal Contractors|-26209.69,Paid but No Bank Match,False,False,False,False,2100-AP-Trade,False,5,Low (5–15%)
INV2025-0009,BrightPower Partners,2025-08-30,2025-10-14,PRJ-4003,2100-AP-Trade,891.17,Other_FL,53.47,944.64,True,2025-11-02,944.64,False,False,BrightPower Partners|-944.64,Paid but No Bank Match,False,False,False,False,5100-Materials,True,30,Medium (20–40%)
INV2025-0269,Tidal Contractors,2025-09-27,2025-10-27,PRJ-4003,8900-Other,24237.51,Orange,1575.44,25812.95,True,2025-11-22,25812.95,False,False,Tidal Contractors|-25812.95,Paid but No Bank Match,False,False,False,False,2100-AP-Trade,True,30,Medium (20–40%)
INV2025-0070,Gulf Coast Telecom,2025-11-04,2025-12-04,PRJ-4003,2100-AP-Trade,24253.65,Orange,1576.49,25830.48,True,2025-11-27,25830.14,True,False,Gulf Coast Telecom|-25830.48,Paid but No Bank Match,False,False,False,False,5300-Equipment-Rental,True,30,Medium (20–40%)
INV2025-0293,Florida Line Crew LLC,2025-11-24,2025-12-24,PRJ-4003,5100-Materials,20142.34,Orange,1309.25,21451.59,True,2025-12-05,21451.59,False,False,Florida Line Crew LLC|-21451.59,Paid but No Bank Match,False,False,False,False,5100-Materials,False,5,Low (5–15%)
INV2025-0165,Bay Area Rentals,2025-11-12,2025-12-27,PRJ-4003,5200-Subcontractors,4524.51,Hillsborough,339.34,4863.85,True,2025-12-12,4863.85,False,False,Bay Area Rentals|-4863.85,Paid but No Bank Match,False,False,False,False,5300-Equipment-Rental,True,30,Medium (20–40%)
INV2025-0244,BrightPower Partners,2025-11-15,2025-12-15,PRJ-4003,8900-Other,11951.34,Pinellas,836.59,12787.93,True,2025-12-14,12787.93,False,False,BrightPower Partners|-12787.93,Paid but No Bank Match,False,False,False,False,5100-Materials,True,30,Medium (20–40%)
INV2025-0321,Tri-County Services,2025-10-21,2025-11-20,PRJ-4003,5200-Subcontractors,1234.35,Hillsborough,92.58,1326.93,True,2025-12-14,1326.93,False,False,Tri-County Services|-1326.93,Paid but No Bank Match,False,False,False,False,5100-Materials,True,30,Medium (20–40%)
INV2025-0053,Sunline Electrical,2025-10-10,2025-11-09,PRJ-4003,5300-Equipment-Rental,9076.92,Pinellas,635.38,9712.3,True,2025-12-17,9712.3,False,False,Sunline Electrical|-9712.3,Paid but No Bank Match,False,False,False,False,5300-Equipment-Rental,False,5,Low (5–15%)
INV2025-0277,Gulf Coast Telecom,2025-11-16,2025-12-16,PRJ-4003,5100-Materials,18015.64,Orange,1171.02,19186.54,True,2025-12-17,19186.66,True,False,Gulf Coast Telecom|-19186.54,Paid but No Bank Match,False,False,False,False,5300-Equipment-Rental,True,30,Medium (20–40%)
INV2025-0275,Skyline Engineering,2025-10-30,2025-12-14,PRJ-4003,2100-AP-Trade,16143.89,Other_FL,968.63,17111.29,True,2025-12-30,17112.52,True,False,Skyline Engineering|-17111.29,Paid but No Bank Match,False,False,False,False,5300-Equipment-Rental,True,30,Medium (20–40%)
