Invoice_ID,State,Taxable_Amount,Tax_Rate,Calculated_Tax,GL_Tax_Liability_Account,Recalc_Tax,Tax_Mismatch_Flag,Correct_Tax_Rate,Correct_Rate_Flag,Ref_Tax_Rate,jurisdiction_missing,rate_mismatch,tax_missing,tax_on_nontaxable_item,tax_diff_abs,gl_tax_diff_flag,risk_score,risk_level
INV2025-0009,FL,891.17,0.04,35.65,2020-SalesUseTaxPayable,35.65,OK,0.06,False,,False,True,False,False,0.0,True,60,High (50–80%)
INV2025-0139,FL,15133.31,0.04,1210.66,2020-SalesUseTaxPayable,605.33,Mismatch,0.06,False,,False,True,False,False,605.33,True,70,High (50–80%)
INV2025-0239,FL,18440.66,0.04,737.63,2020-SalesUseTaxPayable,737.63,OK,0.06,False,,False,True,False,False,0.0,True,60,High (50–80%)
INV2025-0343,FL,20094.64,0.04,803.79,2020-SalesUseTaxPayable,803.79,OK,0.06,False,,False,True,False,False,0.0,True,60,High (50–80%)
INV2025-0266,FL,18965.62,0.05,853.45,2020-SalesUseTaxPayable,853.45,OK,0.065,False,,False,True,False,False,0.0,True,60,High (50–80%)
INV2025-0339,FL,6465.32,0.05,290.94,2020-SalesUseTaxPayable,290.94,OK,0.065,False,,False,True,False,False,0.0,True,60,High (50–80%)
INV2025-0014,FL,18809.34,0.05,940.47,2020-SalesUseTaxPayable,940.47,OK,0.07,False,,False,True,False,False,0.0,True,60,High (50–80%)
INV2025-0105,FL,11190.23,0.05,0.0,2020-SalesUseTaxPayable,559.51,Mismatch,0.07,False,,False,True,True,False,559.51,True,100,Critical (85–99%)
INV2025-0129,FL,15741.12,0.05,787.06,2020-SalesUseTaxPayable,787.06,OK,0.07,False,,False,True,False,False,0.0,True,60,High (50–80%)
INV2025-0132,FL,13662.95,0.05,683.15,2020-SalesUseTaxPayable,683.15,OK,0.07,False,,False,True,False,False,0.0,True,60,High (50–80%)
INV2025-0002,FL,2949.39,0.06,353.93,2020-SalesUseTaxPayable,176.96,Mismatch,0.06,True,,False,True,False,False,176.97,True,70,High (50–80%)
INV2025-0004,FL,15628.3,0.06,937.7,2020-SalesUseTaxPayable,937.7,OK,0.06,True,,False,True,False,False,0.0,True,60,High (50–80%)
INV2025-0018,FL,16451.39,0.06,987.08,2020-SalesUseTaxPayable,987.08,OK,0.06,True,,False,True,False,False,0.0,True,60,High (50–80%)
INV2025-0022,FL,17911.24,0.06,1074.67,2020-SalesUseTaxPayable,1074.67,OK,0.06,True,,False,True,False,False,0.0,True,60,High (50–80%)
INV2025-0023,FL,12146.57,0.06,728.79,2020-SalesUseTaxPayable,728.79,OK,0.06,True,,False,True,False,False,0.0,True,60,High (50–80%)
INV2025-0029,FL,20541.36,0.06,1232.48,2020-SalesUseTaxPayable,1232.48,OK,0.06,True,,False,True,False,False,0.0,True,60,High (50–80%)
INV2025-0040,FL,4771.98,0.06,286.32,2020-SalesUseTaxPayable,286.32,OK,0.06,True,,False,True,False,False,0.0,True,60,High (50–80%)
INV2025-0042,FL,17546.72,0.06,1052.8,2020-SalesUseTaxPayable,1052.8,OK,0.06,True,,False,True,False,False,0.0,True,60,High (50–80%)
INV2025-0043,FL,13157.58,0.06,789.45,2020-SalesUseTaxPayable,789.45,OK,0.06,True,,False,True,False,False,0.0,True,60,High (50–80%)
INV2025-0046,FL,22250.37,0.06,1335.02,2020-SalesUseTaxPayable,1335.02,OK,0.06,True,,False,True,False,False,0.0,True,60,High (50–80%)
INV2025-0048,FL,7981.41,0.06,478.88,2020-SalesUseTaxPayable,478.88,OK,0.06,True,,False,True,False,False,0.0,True,60,High (50–80%)
INV2025-0056,FL,23850.26,0.06,1431.02,2020-SalesUseTaxPayable,1431.02,OK,0.06,True,,False,True,False,False,0.0,True,60,High (50–80%)
INV2025-0059,FL,2225.2,0.06,133.51,2020-SalesUseTaxPayable,133.51,OK,0.06,True,,False,True,False,False,0.0,True,60,High (50–80%)
INV2025-0068,FL,24148.67,0.06,1448.92,2020-SalesUseTaxPayable,1448.92,OK,0.06,True,,False,True,False,False,0.0,True,60,High (50–80%)
INV2025-0073,FL,13956.05,0.06,837.36,2020-SalesUseTaxPayable,837.36,OK,0.06,True,,False,True,False,False,0.0,True,60,High (50–80%)
INV2025-0075,FL,3444.03,0.06,206.64,2020-SalesUseTaxPayable,206.64,OK,0.06,True,,False,True,False,False,0.0,True,60,High (50–80%)
INV2025-0083,FL,7212.05,0.06,432.72,2020-SalesUseTaxPayable,432.72,OK,0.06,True,,False,True,False,False,0.0,True,60,High (50–80%)
INV2025-0084,FL,17233.67,0.06,1034.02,2020-SalesUseTaxPayable,1034.02,OK,0.06,True,,False,True,False,False,0.0,True,60,High (50–80%)
INV2025-0087,FL,7409.85,0.06,444.59,2020-SalesUseTaxPayable,444.59,OK,0.06,True,,False,True,False,False,0.0,True,60,High (50–80%)
INV2025-0091,FL,10045.64,0.06,602.74,2020-SalesUseTaxPayable,602.74,OK,0.06,True,,False,True,False,False,0.0,True,60,High (50–80%)
INV2025-0095,FL,3279.88,0.06,196.79,2020-SalesUseTaxPayable,196.79,OK,0.06,True,,False,True,False,False,0.0,True,60,High (50–80%)
INV2025-0100,FL,23707.59,0.06,1422.46,2020-SalesUseTaxPayable,1422.46,OK,0.06,True,,False,True,False,False,0.0,True,60,High (50–80%)
INV2025-0107,FL,2348.15,0.06,164.37,2020-SalesUseTaxPayable,140.89,Mismatch,0.06,True,,False,True,False,False,23.480000000000018,True,70,High (50–80%)
INV2025-0108,FL,24897.87,0.06,1244.89,2020-SalesUseTaxPayable,1493.87,Mismatch,0.06,True,,False,True,False,False,248.9799999999998,True,70,High (50–80%)
INV2025-0110,FL,11663.59,0.06,699.82,2020-SalesUseTaxPayable,699.82,OK,0.06,True,,False,True,False,False,0.0,True,60,High (50–80%)
INV2025-0121,FL,3664.41,0.06,219.86,2020-SalesUseTaxPayable,219.86,OK,0.06,True,,False,True,False,False,0.0,True,60,High (50–80%)
INV2025-0122,FL,22016.41,0.06,1320.98,2020-SalesUseTaxPayable,1320.98,OK,0.06,True,,False,True,False,False,0.0,True,60,High (50–80%)
INV2025-0130,FL,11754.0,0.06,705.24,2020-SalesUseTaxPayable,705.24,OK,0.06,True,,False,True,False,False,0.0,True,60,High (50–80%)
INV2025-0133,FL,17564.29,0.06,1053.86,2020-SalesUseTaxPayable,1053.86,OK,0.06,True,,False,True,False,False,0.0,True,60,High (50–80%)
INV2025-0136,FL,5555.18,0.06,333.31,2020-SalesUseTaxPayable,333.31,OK,0.06,True,,False,True,False,False,0.0,True,60,High (50–80%)
INV2025-0137,FL,12288.06,0.06,737.28,2020-SalesUseTaxPayable,737.28,OK,0.06,True,,False,True,False,False,0.0,True,60,High (50–80%)
INV2025-0138,FL,9743.51,0.06,584.61,2020-SalesUseTaxPayable,584.61,OK,0.06,True,,False,True,False,False,0.0,True,60,High (50–80%)
INV2025-0143,FL,6440.53,0.06,386.43,2020-SalesUseTaxPayable,386.43,OK,0.06,True,,False,True,False,False,0.0,True,60,High (50–80%)
INV2025-0149,FL,684.59,0.06,41.08,2020-SalesUseTaxPayable,41.08,OK,0.06,True,,False,True,False,False,0.0,True,60,High (50–80%)
INV2025-0157,FL,12899.55,0.06,773.97,2020-SalesUseTaxPayable,773.97,OK,0.06,True,,False,True,False,False,0.0,True,60,High (50–80%)
INV2025-0162,FL,10508.7,0.06,630.52,2020-SalesUseTaxPayable,630.52,OK,0.06,True,,False,True,False,False,0.0,True,60,High (50–80%)
INV2025-0167,FL,9735.14,0.06,584.11,2020-SalesUseTaxPayable,584.11,OK,0.06,True,,False,True,False,False,0.0,True,60,High (50–80%)
INV2025-0168,FL,12816.65,0.06,769.0,2020-SalesUseTaxPayable,769.0,OK,0.06,True,,False,True,False,False,0.0,True,60,High (50–80%)
INV2025-0170,FL,3912.17,0.06,234.73,2020-SalesUseTaxPayable,234.73,OK,0.06,True,,False,True,False,False,0.0,True,60,High (50–80%)
INV2025-0173,FL,8881.0,0.06,532.86,2020-SalesUseTaxPayable,532.86,OK,0.06,True,,False,True,False,False,0.0,True,60,High (50–80%)
INV2025-0174,FL,3623.47,0.06,217.41,2020-SalesUseTaxPayable,217.41,OK,0.06,True,,False,True,False,False,0.0,True,60,High (50–80%)
INV2025-0176,FL,14354.95,0.06,861.3,2020-SalesUseTaxPayable,861.3,OK,0.06,True,,False,True,False,False,0.0,True,60,High (50–80%)
INV2025-0181,FL,19395.54,0.06,1163.73,2020-SalesUseTaxPayable,1163.73,OK,0.06,True,,False,True,False,False,0.0,True,60,High (50–80%)
INV2025-0185,FL,18734.12,0.06,1124.05,2020-SalesUseTaxPayable,1124.05,OK,0.06,True,,False,True,False,False,0.0,True,60,High (50–80%)
INV2025-0186,FL,3299.55,0.06,197.97,2020-SalesUseTaxPayable,197.97,OK,0.06,True,,False,True,False,False,0.0,True,60,High (50–80%)
INV2025-0187,FL,23002.14,0.06,1380.13,2020-SalesUseTaxPayable,1380.13,OK,0.06,True,,False,True,False,False,0.0,True,60,High (50–80%)
INV2025-0188,FL,6581.55,0.06,394.89,2020-SalesUseTaxPayable,394.89,OK,0.06,True,,False,True,False,False,0.0,True,60,High (50–80%)
INV2025-0203,FL,18529.66,0.06,1111.78,2020-SalesUseTaxPayable,1111.78,OK,0.06,True,,False,True,False,False,0.0,True,60,High (50–80%)
INV2025-0207,FL,19208.34,0.06,1344.58,2020-SalesUseTaxPayable,1152.5,Mismatch,0.06,True,,False,True,False,False,192.07999999999993,True,70,High (50–80%)
INV2025-0210,FL,3740.77,0.06,224.45,2020-SalesUseTaxPayable,224.45,OK,0.06,True,,False,True,False,False,0.0,True,60,High (50–80%)
INV2025-0215,FL,10407.35,0.06,624.44,2020-SalesUseTaxPayable,624.44,OK,0.06,True,,False,True,False,False,0.0,True,60,High (50–80%)
INV2025-0224,FL,9343.86,0.06,560.63,2020-SalesUseTaxPayable,560.63,OK,0.06,True,,False,True,False,False,0.0,True,60,High (50–80%)
INV2025-0225,FL,11427.14,0.06,685.63,2020-SalesUseTaxPayable,685.63,OK,0.06,True,,False,True,False,False,0.0,True,60,High (50–80%)
INV2025-0226,FL,18439.51,0.06,1106.37,2020-SalesUseTaxPayable,1106.37,OK,0.06,True,,False,True,False,False,0.0,True,60,High (50–80%)
INV2025-0237,FL,10347.31,0.06,620.84,2020-SalesUseTaxPayable,620.84,OK,0.06,True,,False,True,False,False,0.0,True,60,High (50–80%)
INV2025-0242,FL,3548.72,0.06,212.92,2020-SalesUseTaxPayable,212.92,OK,0.06,True,,False,True,False,False,0.0,True,60,High (50–80%)
INV2025-0258,FL,21769.94,0.06,1306.2,2020-SalesUseTaxPayable,1306.2,OK,0.06,True,,False,True,False,False,0.0,True,60,High (50–80%)
INV2025-0267,FL,23708.8,0.06,1422.53,2020-SalesUseTaxPayable,1422.53,OK,0.06,True,,False,True,False,False,0.0,True,60,High (50–80%)
INV2025-0268,FL,2330.01,0.06,0.0,2020-SalesUseTaxPayable,139.8,Mismatch,0.06,True,,False,True,True,False,139.8,True,100,Critical (85–99%)
INV2025-0271,FL,4393.99,0.06,263.64,2020-SalesUseTaxPayable,263.64,OK,0.06,True,,False,True,False,False,0.0,True,60,High (50–80%)
INV2025-0272,FL,4508.78,0.06,270.53,2020-SalesUseTaxPayable,270.53,OK,0.06,True,,False,True,False,False,0.0,True,60,High (50–80%)
INV2025-0274,FL,24099.3,0.06,1445.96,2020-SalesUseTaxPayable,1445.96,OK,0.06,True,,False,True,False,False,0.0,True,60,High (50–80%)
INV2025-0275,FL,16143.89,0.06,968.63,2020-SalesUseTaxPayable,968.63,OK,0.06,True,,False,True,False,False,0.0,True,60,High (50–80%)
INV2025-0283,FL,24616.61,0.06,1477.0,2020-SalesUseTaxPayable,1477.0,OK,0.06,True,,False,True,False,False,0.0,True,60,High (50–80%)
INV2025-0285,FL,17527.06,0.06,1051.62,2020-SalesUseTaxPayable,1051.62,OK,0.06,True,,False,True,False,False,0.0,True,60,High (50–80%)
INV2025-0290,FL,14404.75,0.06,864.29,2020-SalesUseTaxPayable,864.29,OK,0.06,True,,False,True,False,False,0.0,True,60,High (50–80%)
INV2025-0301,FL,11834.26,0.06,710.06,2020-SalesUseTaxPayable,710.06,OK,0.06,True,,False,True,False,False,0.0,True,60,High (50–80%)
INV2025-0302,FL,21233.01,0.06,1273.98,2020-SalesUseTaxPayable,1273.98,OK,0.06,True,,False,True,False,False,0.0,True,60,High (50–80%)
INV2025-0304,FL,24807.27,0.06,1488.44,2020-SalesUseTaxPayable,1488.44,OK,0.06,True,,False,True,False,False,0.0,True,60,High (50–80%)
INV2025-0306,FL,15245.46,0.06,914.73,2020-SalesUseTaxPayable,914.73,OK,0.06,True,,False,True,False,False,0.0,True,60,High (50–80%)
INV2025-0315,FL,20238.92,0.06,1214.34,2020-SalesUseTaxPayable,1214.34,OK,0.06,True,,False,True,False,False,0.0,True,60,High (50–80%)
INV2025-0317,FL,1463.92,0.06,87.84,2020-SalesUseTaxPayable,87.84,OK,0.06,True,,False,True,False,False,0.0,True,60,High (50–80%)
INV2025-0326,FL,23551.45,0.06,1648.6,2020-SalesUseTaxPayable,1413.09,Mismatch,0.06,True,,False,True,False,False,235.51,True,70,High (50–80%)
INV2025-0327,FL,9040.05,0.06,542.4,2020-SalesUseTaxPayable,542.4,OK,0.06,True,,False,True,False,False,0.0,True,60,High (50–80%)
INV2025-0329,FL,7572.8,0.06,454.37,2020-SalesUseTaxPayable,454.37,OK,0.06,True,,False,True,False,False,0.0,True,60,High (50–80%)
INV2025-0336,FL,3168.5,0.06,190.11,2020-SalesUseTaxPayable,190.11,OK,0.06,True,,False,True,False,False,0.0,True,60,High (50–80%)
INV2025-0340,FL,12239.99,0.06,734.4,2020-SalesUseTaxPayable,734.4,OK,0.06,True,,False,True,False,False,0.0,True,60,High (50–80%)
INV2025-0344,FL,5038.1,0.06,302.29,2020-SalesUseTaxPayable,302.29,OK,0.06,True,,False,True,False,False,0.0,True,60,High (50–80%)
INV2025-0145,FL,15043.02,0.06,676.94,2020-SalesUseTaxPayable,827.37,Mismatch,0.075,False,,False,True,False,False,150.42999999999995,True,70,High (50–80%)
INV2025-0147,FL,7452.51,0.06,409.89,2020-SalesUseTaxPayable,409.89,OK,0.075,False,,False,True,False,False,0.0,True,60,High (50–80%)
INV2025-0191,FL,2591.07,0.06,142.51,2020-SalesUseTaxPayable,142.51,OK,0.075,False,,False,True,False,False,0.0,True,60,High (50–80%)
INV2025-0250,FL,20487.91,0.06,1126.84,2020-SalesUseTaxPayable,1126.84,OK,0.075,False,,False,True,False,False,0.0,True,60,High (50–80%)
INV2025-0011,FL,5594.57,0.07,363.65,2020-SalesUseTaxPayable,363.65,OK,0.065,True,,False,True,False,False,0.0,True,60,High (50–80%)
INV2025-0012,FL,10181.18,0.07,661.78,2020-SalesUseTaxPayable,661.78,OK,0.065,True,,False,True,False,False,0.0,True,60,High (50–80%)
INV2025-0013,FL,2668.07,0.07,173.42,2020-SalesUseTaxPayable,173.42,OK,0.065,True,,False,True,False,False,0.0,True,60,High (50–80%)
INV2025-0025,FL,15172.2,0.07,986.19,2020-SalesUseTaxPayable,986.19,OK,0.065,True,,False,True,False,False,0.0,True,60,High (50–80%)
INV2025-0026,FL,7743.03,0.07,503.3,2020-SalesUseTaxPayable,503.3,OK,0.065,True,,False,True,False,False,0.0,True,60,High (50–80%)
INV2025-0027,FL,10704.49,0.07,695.79,2020-SalesUseTaxPayable,695.79,OK,0.065,True,,False,True,False,False,0.0,True,60,High (50–80%)
INV2025-0033,FL,24944.64,0.07,1621.4,2020-SalesUseTaxPayable,1621.4,OK,0.065,True,,False,True,False,False,0.0,True,60,High (50–80%)
INV2025-0034,FL,1309.74,0.07,98.23,2020-SalesUseTaxPayable,85.13,Mismatch,0.065,True,,False,True,False,False,13.100000000000009,True,70,High (50–80%)
INV2025-0039,FL,5895.91,0.07,383.23,2020-SalesUseTaxPayable,383.23,OK,0.065,True,,False,True,False,False,0.0,True,60,High (50–80%)
INV2025-0050,FL,9478.49,0.07,1232.2,2020-SalesUseTaxPayable,616.1,Mismatch,0.065,True,,False,True,False,False,616.1,True,70,High (50–80%)
INV2025-0051,FL,2795.03,0.07,181.68,2020-SalesUseTaxPayable,181.68,OK,0.065,True,,False,True,False,False,0.0,True,60,High (50–80%)
INV2025-0052,FL,24482.88,0.07,1591.39,2020-SalesUseTaxPayable,1591.39,OK,0.065,True,,False,True,False,False,0.0,True,60,High (50–80%)
INV2025-0057,FL,24518.12,0.07,1593.68,2020-SalesUseTaxPayable,1593.68,OK,0.065,True,,False,True,False,False,0.0,True,60,High (50–80%)
INV2025-0058,FL,4652.57,0.07,302.42,2020-SalesUseTaxPayable,302.42,OK,0.065,True,,False,True,False,False,0.0,True,60,High (50–80%)
INV2025-0060,FL,6727.01,0.07,437.26,2020-SalesUseTaxPayable,437.26,OK,0.065,True,,False,True,False,False,0.0,True,60,High (50–80%)
INV2025-0061,FL,17710.86,0.07,1151.21,2020-SalesUseTaxPayable,1151.21,OK,0.065,True,,False,True,False,False,0.0,True,60,High (50–80%)
INV2025-0063,FL,5259.71,0.07,341.88,2020-SalesUseTaxPayable,341.88,OK,0.065,True,,False,True,False,False,0.0,True,60,High (50–80%)
INV2025-0064,FL,8780.88,0.07,570.76,2020-SalesUseTaxPayable,570.76,OK,0.065,True,,False,True,False,False,0.0,True,60,High (50–80%)
INV2025-0065,FL,8539.74,0.07,555.08,2020-SalesUseTaxPayable,555.08,OK,0.065,True,,False,True,False,False,0.0,True,60,High (50–80%)
INV2025-0070,FL,24253.65,0.07,1576.49,2020-SalesUseTaxPayable,1576.49,OK,0.065,True,,False,True,False,False,0.0,True,60,High (50–80%)
INV2025-0079,FL,12775.48,0.07,830.41,2020-SalesUseTaxPayable,830.41,OK,0.065,True,,False,True,False,False,0.0,True,60,High (50–80%)
INV2025-0080,FL,16239.27,0.07,1055.55,2020-SalesUseTaxPayable,1055.55,OK,0.065,True,,False,True,False,False,0.0,True,60,High (50–80%)
INV2025-0081,FL,10010.16,0.07,650.66,2020-SalesUseTaxPayable,650.66,OK,0.065,True,,False,True,False,False,0.0,True,60,High (50–80%)
INV2025-0082,FL,15835.52,0.07,1029.31,2020-SalesUseTaxPayable,1029.31,OK,0.065,True,,False,True,False,False,0.0,True,60,High (50–80%)
INV2025-0089,FL,21531.11,0.07,1399.52,2020-SalesUseTaxPayable,1399.52,OK,0.065,True,,False,True,False,False,0.0,True,60,High (50–80%)
INV2025-0093,FL,23789.88,0.07,1546.34,2020-SalesUseTaxPayable,1546.34,OK,0.065,True,,False,True,False,False,0.0,True,60,High (50–80%)
INV2025-0111,FL,11860.61,0.07,770.94,2020-SalesUseTaxPayable,770.94,OK,0.065,True,,False,True,False,False,0.0,True,60,High (50–80%)
INV2025-0112,FL,24372.67,0.07,1584.22,2020-SalesUseTaxPayable,1584.22,OK,0.065,True,,False,True,False,False,0.0,True,60,High (50–80%)
INV2025-0117,FL,20814.52,0.07,1352.94,2020-SalesUseTaxPayable,1352.94,OK,0.065,True,,False,True,False,False,0.0,True,60,High (50–80%)
INV2025-0124,FL,8040.54,0.07,522.64,2020-SalesUseTaxPayable,522.64,OK,0.065,True,,False,True,False,False,0.0,True,60,High (50–80%)
INV2025-0127,FL,9089.4,0.07,590.81,2020-SalesUseTaxPayable,590.81,OK,0.065,True,,False,True,False,False,0.0,True,60,High (50–80%)
INV2025-0131,FL,24510.8,0.07,1593.2,2020-SalesUseTaxPayable,1593.2,OK,0.065,True,,False,True,False,False,0.0,True,60,High (50–80%)
INV2025-0134,FL,15247.42,0.07,991.08,2020-SalesUseTaxPayable,991.08,OK,0.065,True,,False,True,False,False,0.0,True,60,High (50–80%)
INV2025-0140,FL,12370.81,0.07,804.1,2020-SalesUseTaxPayable,804.1,OK,0.065,True,,False,True,False,False,0.0,True,60,High (50–80%)
INV2025-0141,FL,4119.61,0.07,267.77,2020-SalesUseTaxPayable,267.77,OK,0.065,True,,False,True,False,False,0.0,True,60,High (50–80%)
INV2025-0144,FL,21097.39,0.07,1371.33,2020-SalesUseTaxPayable,1371.33,OK,0.065,True,,False,True,False,False,0.0,True,60,High (50–80%)
INV2025-0151,FL,13350.53,0.07,867.78,2020-SalesUseTaxPayable,867.78,OK,0.065,True,,False,True,False,False,0.0,True,60,High (50–80%)
INV2025-0153,FL,6818.62,0.07,443.21,2020-SalesUseTaxPayable,443.21,OK,0.065,True,,False,True,False,False,0.0,True,60,High (50–80%)
INV2025-0155,FL,5082.57,0.07,330.37,2020-SalesUseTaxPayable,330.37,OK,0.065,True,,False,True,False,False,0.0,True,60,High (50–80%)
INV2025-0163,FL,9791.1,0.07,636.42,2020-SalesUseTaxPayable,636.42,OK,0.065,True,,False,True,False,False,0.0,True,60,High (50–80%)
INV2025-0166,FL,21991.41,0.07,2858.88,2020-SalesUseTaxPayable,1429.44,Mismatch,0.065,True,,False,True,False,False,1429.44,True,70,High (50–80%)
INV2025-0169,FL,13799.81,0.07,1793.98,2020-SalesUseTaxPayable,896.99,Mismatch,0.065,True,,False,True,False,False,896.99,True,70,High (50–80%)
INV2025-0172,FL,19575.01,0.07,1076.63,2020-SalesUseTaxPayable,1272.38,Mismatch,0.065,True,,False,True,False,False,195.75,True,70,High (50–80%)
INV2025-0175,FL,6116.66,0.07,397.58,2020-SalesUseTaxPayable,397.58,OK,0.065,True,,False,True,False,False,0.0,True,60,High (50–80%)
INV2025-0180,FL,14345.76,0.07,932.47,2020-SalesUseTaxPayable,932.47,OK,0.065,True,,False,True,False,False,0.0,True,60,High (50–80%)
INV2025-0183,FL,24628.61,0.07,1600.86,2020-SalesUseTaxPayable,1600.86,OK,0.065,True,,False,True,False,False,0.0,True,60,High (50–80%)
INV2025-0197,FL,22487.05,0.07,1461.66,2020-SalesUseTaxPayable,1461.66,OK,0.065,True,,False,True,False,False,0.0,True,60,High (50–80%)
INV2025-0200,FL,18159.92,0.07,1180.39,2020-SalesUseTaxPayable,1180.39,OK,0.065,True,,False,True,False,False,0.0,True,60,High (50–80%)
INV2025-0201,FL,24084.91,0.07,1565.52,2020-SalesUseTaxPayable,1565.52,OK,0.065,True,,False,True,False,False,0.0,True,60,High (50–80%)
INV2025-0202,FL,7682.12,0.07,422.52,2020-SalesUseTaxPayable,499.34,Mismatch,0.065,True,,False,True,False,False,76.82,True,70,High (50–80%)
INV2025-0205,FL,6855.87,0.07,445.63,2020-SalesUseTaxPayable,445.63,OK,0.065,True,,False,True,False,False,0.0,True,60,High (50–80%)
INV2025-0206,FL,10530.59,0.07,684.49,2020-SalesUseTaxPayable,684.49,OK,0.065,True,,False,True,False,False,0.0,True,60,High (50–80%)
INV2025-0211,FL,950.57,0.07,61.79,2020-SalesUseTaxPayable,61.79,OK,0.065,True,,False,True,False,False,0.0,True,60,High (50–80%)
INV2025-0217,FL,2172.12,0.07,141.19,2020-SalesUseTaxPayable,141.19,OK,0.065,True,,False,True,False,False,0.0,True,60,High (50–80%)
INV2025-0219,FL,3807.53,0.07,0.0,2020-SalesUseTaxPayable,247.49,Mismatch,0.065,True,,False,True,True,False,247.49,True,100,Critical (85–99%)
INV2025-0220,FL,15079.41,0.07,980.16,2020-SalesUseTaxPayable,980.16,OK,0.065,True,,False,True,False,False,0.0,True,60,High (50–80%)
INV2025-0223,FL,2405.25,0.07,156.34,2020-SalesUseTaxPayable,156.34,OK,0.065,True,,False,True,False,False,0.0,True,60,High (50–80%)
INV2025-0227,FL,17482.79,0.07,1136.38,2020-SalesUseTaxPayable,1136.38,OK,0.065,True,,False,True,False,False,0.0,True,60,High (50–80%)
INV2025-0228,FL,14912.46,0.07,969.31,2020-SalesUseTaxPayable,969.31,OK,0.065,True,,False,True,False,False,0.0,True,60,High (50–80%)
INV2025-0232,FL,17559.08,0.07,1141.34,2020-SalesUseTaxPayable,1141.34,OK,0.065,True,,False,True,False,False,0.0,True,60,High (50–80%)
INV2025-0234,FL,10957.02,0.07,712.21,2020-SalesUseTaxPayable,712.21,OK,0.065,True,,False,True,False,False,0.0,True,60,High (50–80%)
INV2025-0235,FL,24763.36,0.07,1609.62,2020-SalesUseTaxPayable,1609.62,OK,0.065,True,,False,True,False,False,0.0,True,60,High (50–80%)
INV2025-0238,FL,24610.04,0.07,1599.65,2020-SalesUseTaxPayable,1599.65,OK,0.065,True,,False,True,False,False,0.0,True,60,High (50–80%)
INV2025-0245,FL,6175.96,0.07,401.44,2020-SalesUseTaxPayable,401.44,OK,0.065,True,,False,True,False,False,0.0,True,60,High (50–80%)
INV2025-0246,FL,20850.74,0.07,1355.3,2020-SalesUseTaxPayable,1355.3,OK,0.065,True,,False,True,False,False,0.0,True,60,High (50–80%)
INV2025-0251,FL,21997.79,0.07,1429.86,2020-SalesUseTaxPayable,1429.86,OK,0.065,True,,False,True,False,False,0.0,True,60,High (50–80%)
INV2025-0253,FL,2631.18,0.07,171.03,2020-SalesUseTaxPayable,171.03,OK,0.065,True,,False,True,False,False,0.0,True,60,High (50–80%)
INV2025-0256,FL,12274.37,0.07,797.83,2020-SalesUseTaxPayable,797.83,OK,0.065,True,,False,True,False,False,0.0,True,60,High (50–80%)
INV2025-0259,FL,8683.22,0.07,564.41,2020-SalesUseTaxPayable,564.41,OK,0.065,True,,False,True,False,False,0.0,True,60,High (50–80%)
INV2025-0263,FL,6837.86,0.07,444.46,2020-SalesUseTaxPayable,444.46,OK,0.065,True,,False,True,False,False,0.0,True,60,High (50–80%)
INV2025-0264,FL,14216.19,0.07,924.05,2020-SalesUseTaxPayable,924.05,OK,0.065,True,,False,True,False,False,0.0,True,60,High (50–80%)
INV2025-0269,FL,24237.51,0.07,1575.44,2020-SalesUseTaxPayable,1575.44,OK,0.065,True,,False,True,False,False,0.0,True,60,High (50–80%)
INV2025-0273,FL,2518.34,0.07,163.69,2020-SalesUseTaxPayable,163.69,OK,0.065,True,,False,True,False,False,0.0,True,60,High (50–80%)
INV2025-0280,FL,24204.03,0.07,1573.26,2020-SalesUseTaxPayable,1573.26,OK,0.065,True,,False,True,False,False,0.0,True,60,High (50–80%)
INV2025-0286,FL,18244.99,0.07,1185.92,2020-SalesUseTaxPayable,1185.92,OK,0.065,True,,False,True,False,False,0.0,True,60,High (50–80%)
INV2025-0291,FL,3061.91,0.07,199.02,2020-SalesUseTaxPayable,199.02,OK,0.065,True,,False,True,False,False,0.0,True,60,High (50–80%)
INV2025-0293,FL,20142.34,0.07,1309.25,2020-SalesUseTaxPayable,1309.25,OK,0.065,True,,False,True,False,False,0.0,True,60,High (50–80%)
INV2025-0294,FL,15138.16,0.07,983.98,2020-SalesUseTaxPayable,983.98,OK,0.065,True,,False,True,False,False,0.0,True,60,High (50–80%)
INV2025-0297,FL,18734.84,0.07,1217.76,2020-SalesUseTaxPayable,1217.76,OK,0.065,True,,False,True,False,False,0.0,True,60,High (50–80%)
INV2025-0299,FL,24910.18,0.07,1619.16,2020-SalesUseTaxPayable,1619.16,OK,0.065,True,,False,True,False,False,0.0,True,60,High (50–80%)
INV2025-0307,FL,10619.26,0.07,690.25,2020-SalesUseTaxPayable,690.25,OK,0.065,True,,False,True,False,False,0.0,True,60,High (50–80%)
INV2025-0309,FL,10081.5,0.07,655.3,2020-SalesUseTaxPayable,655.3,OK,0.065,True,,False,True,False,False,0.0,True,60,High (50–80%)
INV2025-0310,FL,721.24,0.07,46.88,2020-SalesUseTaxPayable,46.88,OK,0.065,True,,False,True,False,False,0.0,True,60,High (50–80%)
INV2025-0325,FL,14479.94,0.07,941.2,2020-SalesUseTaxPayable,941.2,OK,0.065,True,,False,True,False,False,0.0,True,60,High (50–80%)
INV2025-0330,FL,22583.7,0.07,1467.94,2020-SalesUseTaxPayable,1467.94,OK,0.065,True,,False,True,False,False,0.0,True,60,High (50–80%)
INV2025-0331,FL,20536.94,0.07,1334.9,2020-SalesUseTaxPayable,1334.9,OK,0.065,True,,False,True,False,False,0.0,True,60,High (50–80%)
INV2025-0332,FL,15940.11,0.07,1036.11,2020-SalesUseTaxPayable,1036.11,OK,0.065,True,,False,True,False,False,0.0,True,60,High (50–80%)
INV2025-0333,FL,15113.89,0.07,982.4,2020-SalesUseTaxPayable,982.4,OK,0.065,True,,False,True,False,False,0.0,True,60,High (50–80%)
INV2025-0341,FL,13540.38,0.07,880.12,2020-SalesUseTaxPayable,880.12,OK,0.065,True,,False,True,False,False,0.0,True,60,High (50–80%)
INV2025-0347,FL,19946.72,0.07,1296.54,2020-SalesUseTaxPayable,1296.54,OK,0.065,True,,False,True,False,False,0.0,True,60,High (50–80%)
INV2025-0350,FL,10886.65,0.07,707.63,2020-SalesUseTaxPayable,707.63,OK,0.065,True,,False,True,False,False,0.0,True,60,High (50–80%)
INV2025-0001,FL,4994.15,0.07,349.59,2020-SalesUseTaxPayable,349.59,OK,0.07,True,,False,True,False,False,0.0,True,60,High (50–80%)
INV2025-0003,FL,24262.79,0.07,1698.4,2020-SalesUseTaxPayable,1698.4,OK,0.07,True,,False,True,False,False,0.0,True,60,High (50–80%)
INV2025-0006,FL,19736.81,0.07,1381.58,2020-SalesUseTaxPayable,1381.58,OK,0.07,True,,False,True,False,False,0.0,True,60,High (50–80%)
INV2025-0010,FL,22778.35,0.07,1594.48,2020-SalesUseTaxPayable,1594.48,OK,0.07,True,,False,True,False,False,0.0,True,60,High (50–80%)
INV2025-0015,FL,13796.05,0.07,965.72,2020-SalesUseTaxPayable,965.72,OK,0.07,True,,False,True,False,False,0.0,True,60,High (50–80%)
INV2025-0017,FL,17818.0,0.07,1247.26,2020-SalesUseTaxPayable,1247.26,OK,0.07,True,,False,True,False,False,0.0,True,60,High (50–80%)
INV2025-0019,FL,8607.0,0.07,602.49,2020-SalesUseTaxPayable,602.49,OK,0.07,True,,False,True,False,False,0.0,True,60,High (50–80%)
INV2025-0028,FL,22454.24,0.07,1571.8,2020-SalesUseTaxPayable,1571.8,OK,0.07,True,,False,True,False,False,0.0,True,60,High (50–80%)
INV2025-0030,FL,13585.19,0.07,950.96,2020-SalesUseTaxPayable,950.96,OK,0.07,True,,False,True,False,False,0.0,True,60,High (50–80%)
INV2025-0032,FL,6720.93,0.07,470.47,2020-SalesUseTaxPayable,470.47,OK,0.07,True,,False,True,False,False,0.0,True,60,High (50–80%)
INV2025-0044,FL,14178.19,0.07,992.47,2020-SalesUseTaxPayable,992.47,OK,0.07,True,,False,True,False,False,0.0,True,60,High (50–80%)
INV2025-0045,FL,17658.77,0.07,1412.7,2020-SalesUseTaxPayable,1236.11,Mismatch,0.07,True,,False,True,False,False,176.59000000000015,True,70,High (50–80%)
INV2025-0053,FL,9076.92,0.07,635.38,2020-SalesUseTaxPayable,635.38,OK,0.07,True,,False,True,False,False,0.0,True,60,High (50–80%)
INV2025-0055,FL,23871.25,0.07,1670.99,2020-SalesUseTaxPayable,1670.99,OK,0.07,True,,False,True,False,False,0.0,True,60,High (50–80%)
INV2025-0072,FL,17368.25,0.07,1215.78,2020-SalesUseTaxPayable,1215.78,OK,0.07,True,,False,True,False,False,0.0,True,60,High (50–80%)
INV2025-0074,FL,16599.23,0.07,1327.94,2020-SalesUseTaxPayable,1161.95,Mismatch,0.07,True,,False,True,False,False,165.99,True,70,High (50–80%)
INV2025-0077,FL,4743.45,0.07,332.04,2020-SalesUseTaxPayable,332.04,OK,0.07,True,,False,True,False,False,0.0,True,60,High (50–80%)
INV2025-0078,FL,16059.79,0.07,1124.19,2020-SalesUseTaxPayable,1124.19,OK,0.07,True,,False,True,False,False,0.0,True,60,High (50–80%)
INV2025-0088,FL,18425.37,0.07,1289.78,2020-SalesUseTaxPayable,1289.78,OK,0.07,True,,False,True,False,False,0.0,True,60,High (50–80%)
INV2025-0090,FL,3026.53,0.07,211.86,2020-SalesUseTaxPayable,211.86,OK,0.07,True,,False,True,False,False,0.0,True,60,High (50–80%)
INV2025-0092,FL,23984.27,0.07,1678.9,2020-SalesUseTaxPayable,1678.9,OK,0.07,True,,False,True,False,False,0.0,True,60,High (50–80%)
INV2025-0094,FL,8552.28,0.07,598.66,2020-SalesUseTaxPayable,598.66,OK,0.07,True,,False,True,False,False,0.0,True,60,High (50–80%)
INV2025-0096,FL,13963.46,0.07,977.44,2020-SalesUseTaxPayable,977.44,OK,0.07,True,,False,True,False,False,0.0,True,60,High (50–80%)
INV2025-0097,FL,19157.01,0.07,1340.99,2020-SalesUseTaxPayable,1340.99,OK,0.07,True,,False,True,False,False,0.0,True,60,High (50–80%)
INV2025-0098,FL,2282.69,0.07,159.79,2020-SalesUseTaxPayable,159.79,OK,0.07,True,,False,True,False,False,0.0,True,60,High (50–80%)
INV2025-0101,FL,17850.44,0.07,1249.53,2020-SalesUseTaxPayable,1249.53,OK,0.07,True,,False,True,False,False,0.0,True,60,High (50–80%)
INV2025-0102,FL,22705.68,0.07,1589.4,2020-SalesUseTaxPayable,1589.4,OK,0.07,True,,False,True,False,False,0.0,True,60,High (50–80%)
INV2025-0103,FL,14501.09,0.07,1015.08,2020-SalesUseTaxPayable,1015.08,OK,0.07,True,,False,True,False,False,0.0,True,60,High (50–80%)
INV2025-0104,FL,17185.47,0.07,1202.98,2020-SalesUseTaxPayable,1202.98,OK,0.07,True,,False,True,False,False,0.0,True,60,High (50–80%)
INV2025-0106,FL,8405.82,0.07,588.41,2020-SalesUseTaxPayable,588.41,OK,0.07,True,,False,True,False,False,0.0,True,60,High (50–80%)
INV2025-0113,FL,10574.56,0.07,740.22,2020-SalesUseTaxPayable,740.22,OK,0.07,True,,False,True,False,False,0.0,True,60,High (50–80%)
INV2025-0115,FL,21718.57,0.07,1303.11,2020-SalesUseTaxPayable,1520.3,Mismatch,0.07,True,,False,True,False,False,217.19000000000005,True,70,High (50–80%)
INV2025-0116,FL,24639.51,0.07,1724.77,2020-SalesUseTaxPayable,1724.77,OK,0.07,True,,False,True,False,False,0.0,True,60,High (50–80%)
INV2025-0120,FL,23646.76,0.07,1655.27,2020-SalesUseTaxPayable,1655.27,OK,0.07,True,,False,True,False,False,0.0,True,60,High (50–80%)
INV2025-0152,FL,14611.96,0.07,1022.84,2020-SalesUseTaxPayable,1022.84,OK,0.07,True,,False,True,False,False,0.0,True,60,High (50–80%)
INV2025-0156,FL,6439.04,0.07,450.73,2020-SalesUseTaxPayable,450.73,OK,0.07,True,,False,True,False,False,0.0,True,60,High (50–80%)
INV2025-0158,FL,1769.68,0.07,0.0,2020-SalesUseTaxPayable,123.88,Mismatch,0.07,True,,False,True,True,False,123.88,True,100,Critical (85–99%)
INV2025-0159,FL,24754.03,0.07,1732.78,2020-SalesUseTaxPayable,1732.78,OK,0.07,True,,False,True,False,False,0.0,True,60,High (50–80%)
INV2025-0160,FL,17196.82,0.07,1031.81,2020-SalesUseTaxPayable,1203.78,Mismatch,0.07,True,,False,True,False,False,171.97000000000003,True,70,High (50–80%)
INV2025-0179,FL,15480.63,0.07,1083.64,2020-SalesUseTaxPayable,1083.64,OK,0.07,True,,False,True,False,False,0.0,True,60,High (50–80%)
INV2025-0182,FL,23391.99,0.07,1403.52,2020-SalesUseTaxPayable,1637.44,Mismatch,0.07,True,,False,True,False,False,233.92000000000007,True,70,High (50–80%)
INV2025-0184,FL,8130.38,0.07,569.13,2020-SalesUseTaxPayable,569.13,OK,0.07,True,,False,True,False,False,0.0,True,60,High (50–80%)
INV2025-0194,FL,2109.86,0.07,147.69,2020-SalesUseTaxPayable,147.69,OK,0.07,True,,False,True,False,False,0.0,True,60,High (50–80%)
INV2025-0198,FL,16643.64,0.07,1165.05,2020-SalesUseTaxPayable,1165.05,OK,0.07,True,,False,True,False,False,0.0,True,60,High (50–80%)
INV2025-0199,FL,3050.66,0.07,427.09,2020-SalesUseTaxPayable,213.55,Mismatch,0.07,True,,False,True,False,False,213.53999999999996,True,70,High (50–80%)
INV2025-0208,FL,12041.1,0.07,842.88,2020-SalesUseTaxPayable,842.88,OK,0.07,True,,False,True,False,False,0.0,True,60,High (50–80%)
INV2025-0209,FL,16020.22,0.07,1121.42,2020-SalesUseTaxPayable,1121.42,OK,0.07,True,,False,True,False,False,0.0,True,60,High (50–80%)
INV2025-0212,FL,12703.22,0.07,889.23,2020-SalesUseTaxPayable,889.23,OK,0.07,True,,False,True,False,False,0.0,True,60,High (50–80%)
INV2025-0213,FL,18144.96,0.07,1270.15,2020-SalesUseTaxPayable,1270.15,OK,0.07,True,,False,True,False,False,0.0,True,60,High (50–80%)
INV2025-0218,FL,7779.48,0.07,544.56,2020-SalesUseTaxPayable,544.56,OK,0.07,True,,False,True,False,False,0.0,True,60,High (50–80%)
INV2025-0229,FL,22929.46,0.07,3210.12,2020-SalesUseTaxPayable,1605.06,Mismatch,0.07,True,,False,True,False,False,1605.06,True,70,High (50–80%)
INV2025-0230,FL,3324.41,0.07,232.71,2020-SalesUseTaxPayable,232.71,OK,0.07,True,,False,True,False,False,0.0,True,60,High (50–80%)
INV2025-0233,FL,20197.44,0.07,1413.82,2020-SalesUseTaxPayable,1413.82,OK,0.07,True,,False,True,False,False,0.0,True,60,High (50–80%)
INV2025-0244,FL,11951.34,0.07,836.59,2020-SalesUseTaxPayable,836.59,OK,0.07,True,,False,True,False,False,0.0,True,60,High (50–80%)
INV2025-0247,FL,23953.12,0.07,1676.72,2020-SalesUseTaxPayable,1676.72,OK,0.07,True,,False,True,False,False,0.0,True,60,High (50–80%)
INV2025-0249,FL,10207.93,0.07,714.56,2020-SalesUseTaxPayable,714.56,OK,0.07,True,,False,True,False,False,0.0,True,60,High (50–80%)
INV2025-0252,FL,21378.74,0.07,1496.51,2020-SalesUseTaxPayable,1496.51,OK,0.07,True,,False,True,False,False,0.0,True,60,High (50–80%)
INV2025-0254,FL,1695.2,0.07,135.62,2020-SalesUseTaxPayable,118.66,Mismatch,0.07,True,,False,True,False,False,16.960000000000008,True,70,High (50–80%)
INV2025-0276,FL,18248.36,0.07,1277.39,2020-SalesUseTaxPayable,1277.39,OK,0.07,True,,False,True,False,False,0.0,True,60,High (50–80%)
INV2025-0278,FL,5490.68,0.07,384.35,2020-SalesUseTaxPayable,384.35,OK,0.07,True,,False,True,False,False,0.0,True,60,High (50–80%)
INV2025-0288,FL,739.39,0.07,51.76,2020-SalesUseTaxPayable,51.76,OK,0.07,True,,False,True,False,False,0.0,True,60,High (50–80%)
INV2025-0289,FL,9090.36,0.07,727.23,2020-SalesUseTaxPayable,636.33,Mismatch,0.07,True,,False,True,False,False,90.89999999999998,True,70,High (50–80%)
INV2025-0292,FL,1773.3,0.07,124.13,2020-SalesUseTaxPayable,124.13,OK,0.07,True,,False,True,False,False,0.0,True,60,High (50–80%)
INV2025-0298,FL,12705.8,0.07,889.41,2020-SalesUseTaxPayable,889.41,OK,0.07,True,,False,True,False,False,0.0,True,60,High (50–80%)
INV2025-0300,FL,10379.9,0.07,726.59,2020-SalesUseTaxPayable,726.59,OK,0.07,True,,False,True,False,False,0.0,True,60,High (50–80%)
INV2025-0303,FL,13092.9,0.07,916.5,2020-SalesUseTaxPayable,916.5,OK,0.07,True,,False,True,False,False,0.0,True,60,High (50–80%)
INV2025-0305,FL,15973.23,0.07,1118.13,2020-SalesUseTaxPayable,1118.13,OK,0.07,True,,False,True,False,False,0.0,True,60,High (50–80%)
INV2025-0308,FL,10423.01,0.07,729.61,2020-SalesUseTaxPayable,729.61,OK,0.07,True,,False,True,False,False,0.0,True,60,High (50–80%)
INV2025-0311,FL,11617.84,0.07,813.25,2020-SalesUseTaxPayable,813.25,OK,0.07,True,,False,True,False,False,0.0,True,60,High (50–80%)
INV2025-0313,FL,15620.05,0.07,1093.4,2020-SalesUseTaxPayable,1093.4,OK,0.07,True,,False,True,False,False,0.0,True,60,High (50–80%)
INV2025-0318,FL,14824.43,0.07,1037.71,2020-SalesUseTaxPayable,1037.71,OK,0.07,True,,False,True,False,False,0.0,True,60,High (50–80%)
INV2025-0320,FL,11641.13,0.07,931.29,2020-SalesUseTaxPayable,814.88,Mismatch,0.07,True,,False,True,False,False,116.40999999999997,True,70,High (50–80%)
INV2025-0328,FL,10469.25,0.07,732.85,2020-SalesUseTaxPayable,732.85,OK,0.07,True,,False,True,False,False,0.0,True,60,High (50–80%)
INV2025-0334,FL,15284.49,0.07,1069.91,2020-SalesUseTaxPayable,1069.91,OK,0.07,True,,False,True,False,False,0.0,True,60,High (50–80%)
INV2025-0342,FL,7179.29,0.07,502.55,2020-SalesUseTaxPayable,502.55,OK,0.07,True,,False,True,False,False,0.0,True,60,High (50–80%)
INV2025-0348,FL,14137.61,0.07,989.63,2020-SalesUseTaxPayable,989.63,OK,0.07,True,,False,True,False,False,0.0,True,60,High (50–80%)
INV2025-0007,FL,1638.04,0.08,131.04,2020-SalesUseTaxPayable,131.04,OK,0.06,False,,False,True,False,False,0.0,True,60,High (50–80%)
INV2025-0020,FL,18375.35,0.08,1470.03,2020-SalesUseTaxPayable,1470.03,OK,0.06,False,,False,True,False,False,0.0,True,60,High (50–80%)
INV2025-0049,FL,4810.17,0.08,384.81,2020-SalesUseTaxPayable,384.81,OK,0.06,False,,False,True,False,False,0.0,True,60,High (50–80%)
INV2025-0109,FL,22923.73,0.08,1833.9,2020-SalesUseTaxPayable,1833.9,OK,0.06,False,,False,True,False,False,0.0,True,60,High (50–80%)
INV2025-0128,FL,22651.89,0.08,3624.3,2020-SalesUseTaxPayable,1812.15,Mismatch,0.06,False,,False,True,False,False,1812.15,True,70,High (50–80%)
INV2025-0148,FL,9224.37,0.08,737.95,2020-SalesUseTaxPayable,737.95,OK,0.06,False,,False,True,False,False,0.0,True,60,High (50–80%)
INV2025-0262,FL,18715.95,0.08,1497.28,2020-SalesUseTaxPayable,1497.28,OK,0.06,False,,False,True,False,False,0.0,True,60,High (50–80%)
INV2025-0005,FL,1643.31,0.08,123.25,2020-SalesUseTaxPayable,123.25,OK,0.075,True,,False,True,False,False,0.0,True,60,High (50–80%)
INV2025-0008,FL,23747.7,0.08,1781.08,2020-SalesUseTaxPayable,1781.08,OK,0.075,True,,False,True,False,False,0.0,True,60,High (50–80%)
INV2025-0016,FL,24678.73,0.08,1850.9,2020-SalesUseTaxPayable,1850.9,OK,0.075,True,,False,True,False,False,0.0,True,60,High (50–80%)
INV2025-0021,FL,17974.5,0.08,1348.09,2020-SalesUseTaxPayable,1348.09,OK,0.075,True,,False,True,False,False,0.0,True,60,High (50–80%)
INV2025-0024,FL,15308.23,0.08,1148.12,2020-SalesUseTaxPayable,1148.12,OK,0.075,True,,False,True,False,False,0.0,True,60,High (50–80%)
INV2025-0031,FL,23601.29,0.08,1770.1,2020-SalesUseTaxPayable,1770.1,OK,0.075,True,,False,True,False,False,0.0,True,60,High (50–80%)
INV2025-0035,FL,12491.59,0.08,936.87,2020-SalesUseTaxPayable,936.87,OK,0.075,True,,False,True,False,False,0.0,True,60,High (50–80%)
INV2025-0036,FL,19159.68,0.08,1436.98,2020-SalesUseTaxPayable,1436.98,OK,0.075,True,,False,True,False,False,0.0,True,60,High (50–80%)
INV2025-0037,FL,24593.87,0.08,1844.54,2020-SalesUseTaxPayable,1844.54,OK,0.075,True,,False,True,False,False,0.0,True,60,High (50–80%)
INV2025-0038,FL,12950.87,0.08,971.32,2020-SalesUseTaxPayable,971.32,OK,0.075,True,,False,True,False,False,0.0,True,60,High (50–80%)
INV2025-0041,FL,17054.41,0.08,1279.08,2020-SalesUseTaxPayable,1279.08,OK,0.075,True,,False,True,False,False,0.0,True,60,High (50–80%)
INV2025-0047,FL,22514.58,0.08,1688.59,2020-SalesUseTaxPayable,1688.59,OK,0.075,True,,False,True,False,False,0.0,True,60,High (50–80%)
INV2025-0054,FL,14514.1,0.08,1088.56,2020-SalesUseTaxPayable,1088.56,OK,0.075,True,,False,True,False,False,0.0,True,60,High (50–80%)
INV2025-0062,FL,6777.07,0.08,576.05,2020-SalesUseTaxPayable,508.28,Mismatch,0.075,True,,False,True,False,False,67.76999999999998,True,70,High (50–80%)
INV2025-0066,FL,21579.91,0.08,1618.49,2020-SalesUseTaxPayable,1618.49,OK,0.075,True,,False,True,False,False,0.0,True,60,High (50–80%)
INV2025-0067,FL,13658.52,0.08,1024.39,2020-SalesUseTaxPayable,1024.39,OK,0.075,True,,False,True,False,False,0.0,True,60,High (50–80%)
INV2025-0069,FL,10578.17,0.08,793.36,2020-SalesUseTaxPayable,793.36,OK,0.075,True,,False,True,False,False,0.0,True,60,High (50–80%)
INV2025-0071,FL,11121.26,0.08,834.09,2020-SalesUseTaxPayable,834.09,OK,0.075,True,,False,True,False,False,0.0,True,60,High (50–80%)
INV2025-0085,FL,1070.16,0.08,80.26,2020-SalesUseTaxPayable,80.26,OK,0.075,True,,False,True,False,False,0.0,True,60,High (50–80%)
INV2025-0086,FL,9034.25,0.08,677.57,2020-SalesUseTaxPayable,677.57,OK,0.075,True,,False,True,False,False,0.0,True,60,High (50–80%)
INV2025-0099,FL,24672.67,0.08,1850.45,2020-SalesUseTaxPayable,1850.45,OK,0.075,True,,False,True,False,False,0.0,True,60,High (50–80%)
INV2025-0118,FL,3779.38,0.08,283.45,2020-SalesUseTaxPayable,283.45,OK,0.075,True,,False,True,False,False,0.0,True,60,High (50–80%)
INV2025-0119,FL,13591.48,0.08,1019.36,2020-SalesUseTaxPayable,1019.36,OK,0.075,True,,False,True,False,False,0.0,True,60,High (50–80%)
INV2025-0123,FL,1043.53,0.08,78.26,2020-SalesUseTaxPayable,78.26,OK,0.075,True,,False,True,False,False,0.0,True,60,High (50–80%)
INV2025-0125,FL,14953.92,0.08,1121.54,2020-SalesUseTaxPayable,1121.54,OK,0.075,True,,False,True,False,False,0.0,True,60,High (50–80%)
INV2025-0126,FL,16164.35,0.08,1212.33,2020-SalesUseTaxPayable,1212.33,OK,0.075,True,,False,True,False,False,0.0,True,60,High (50–80%)
INV2025-0135,FL,9016.67,0.08,676.25,2020-SalesUseTaxPayable,676.25,OK,0.075,True,,False,True,False,False,0.0,True,60,High (50–80%)
INV2025-0142,FL,18865.6,0.08,1414.92,2020-SalesUseTaxPayable,1414.92,OK,0.075,True,,False,True,False,False,0.0,True,60,High (50–80%)
INV2025-0146,FL,18552.15,0.08,1391.41,2020-SalesUseTaxPayable,1391.41,OK,0.075,True,,False,True,False,False,0.0,True,60,High (50–80%)
INV2025-0150,FL,7484.83,0.08,561.36,2020-SalesUseTaxPayable,561.36,OK,0.075,True,,False,True,False,False,0.0,True,60,High (50–80%)
INV2025-0154,FL,14140.69,0.08,1060.55,2020-SalesUseTaxPayable,1060.55,OK,0.075,True,,False,True,False,False,0.0,True,60,High (50–80%)
INV2025-0161,FL,9047.27,0.08,678.55,2020-SalesUseTaxPayable,678.55,OK,0.075,True,,False,True,False,False,0.0,True,60,High (50–80%)
INV2025-0164,FL,21124.81,0.08,1584.36,2020-SalesUseTaxPayable,1584.36,OK,0.075,True,,False,True,False,False,0.0,True,60,High (50–80%)
INV2025-0165,FL,4524.51,0.08,339.34,2020-SalesUseTaxPayable,339.34,OK,0.075,True,,False,True,False,False,0.0,True,60,High (50–80%)
INV2025-0171,FL,22400.37,0.08,1680.03,2020-SalesUseTaxPayable,1680.03,OK,0.075,True,,False,True,False,False,0.0,True,60,High (50–80%)
INV2025-0178,FL,7554.28,0.08,566.57,2020-SalesUseTaxPayable,566.57,OK,0.075,True,,False,True,False,False,0.0,True,60,High (50–80%)
INV2025-0189,FL,8131.09,0.08,609.83,2020-SalesUseTaxPayable,609.83,OK,0.075,True,,False,True,False,False,0.0,True,60,High (50–80%)
INV2025-0190,FL,16756.67,0.08,1256.75,2020-SalesUseTaxPayable,1256.75,OK,0.075,True,,False,True,False,False,0.0,True,60,High (50–80%)
INV2025-0192,FL,8093.45,0.08,607.01,2020-SalesUseTaxPayable,607.01,OK,0.075,True,,False,True,False,False,0.0,True,60,High (50–80%)
INV2025-0195,FL,12286.65,0.08,921.5,2020-SalesUseTaxPayable,921.5,OK,0.075,True,,False,True,False,False,0.0,True,60,High (50–80%)
INV2025-0196,FL,8691.89,0.08,564.97,2020-SalesUseTaxPayable,651.89,Mismatch,0.075,True,,False,True,False,False,86.91999999999996,True,70,High (50–80%)
INV2025-0204,FL,17746.68,0.08,1331.0,2020-SalesUseTaxPayable,1331.0,OK,0.075,True,,False,True,False,False,0.0,True,60,High (50–80%)
INV2025-0214,FL,18438.52,0.08,1382.89,2020-SalesUseTaxPayable,1382.89,OK,0.075,True,,False,True,False,False,0.0,True,60,High (50–80%)
INV2025-0216,FL,23986.37,0.08,1798.98,2020-SalesUseTaxPayable,1798.98,OK,0.075,True,,False,True,False,False,0.0,True,60,High (50–80%)
INV2025-0221,FL,15771.65,0.08,1182.87,2020-SalesUseTaxPayable,1182.87,OK,0.075,True,,False,True,False,False,0.0,True,60,High (50–80%)
INV2025-0222,FL,17770.68,0.08,1332.8,2020-SalesUseTaxPayable,1332.8,OK,0.075,True,,False,True,False,False,0.0,True,60,High (50–80%)
INV2025-0236,FL,23348.45,0.08,3502.27,2020-SalesUseTaxPayable,1751.13,Mismatch,0.075,True,,False,True,False,False,1751.1399999999999,True,70,High (50–80%)
INV2025-0240,FL,21394.13,0.08,1604.56,2020-SalesUseTaxPayable,1604.56,OK,0.075,True,,False,True,False,False,0.0,True,60,High (50–80%)
INV2025-0241,FL,22803.31,0.08,1710.25,2020-SalesUseTaxPayable,1710.25,OK,0.075,True,,False,True,False,False,0.0,True,60,High (50–80%)
INV2025-0243,FL,2690.57,0.08,201.79,2020-SalesUseTaxPayable,201.79,OK,0.075,True,,False,True,False,False,0.0,True,60,High (50–80%)
INV2025-0248,FL,5799.94,0.08,435.0,2020-SalesUseTaxPayable,435.0,OK,0.075,True,,False,True,False,False,0.0,True,60,High (50–80%)
INV2025-0255,FL,22414.76,0.08,1681.11,2020-SalesUseTaxPayable,1681.11,OK,0.075,True,,False,True,False,False,0.0,True,60,High (50–80%)
INV2025-0257,FL,17111.4,0.08,1283.36,2020-SalesUseTaxPayable,1283.36,OK,0.075,True,,False,True,False,False,0.0,True,60,High (50–80%)
INV2025-0260,FL,17625.27,0.08,1321.9,2020-SalesUseTaxPayable,1321.9,OK,0.075,True,,False,True,False,False,0.0,True,60,High (50–80%)
INV2025-0261,FL,11904.02,0.08,892.8,2020-SalesUseTaxPayable,892.8,OK,0.075,True,,False,True,False,False,0.0,True,60,High (50–80%)
INV2025-0270,FL,20627.07,0.08,1547.03,2020-SalesUseTaxPayable,1547.03,OK,0.075,True,,False,True,False,False,0.0,True,60,High (50–80%)
INV2025-0279,FL,13493.68,0.08,1012.03,2020-SalesUseTaxPayable,1012.03,OK,0.075,True,,False,True,False,False,0.0,True,60,High (50–80%)
INV2025-0281,FL,15159.02,0.08,1136.93,2020-SalesUseTaxPayable,1136.93,OK,0.075,True,,False,True,False,False,0.0,True,60,High (50–80%)
INV2025-0282,FL,4440.22,0.08,333.02,2020-SalesUseTaxPayable,333.02,OK,0.075,True,,False,True,False,False,0.0,True,60,High (50–80%)
INV2025-0284,FL,10190.85,0.08,764.31,2020-SalesUseTaxPayable,764.31,OK,0.075,True,,False,True,False,False,0.0,True,60,High (50–80%)
INV2025-0287,FL,3991.14,0.08,299.34,2020-SalesUseTaxPayable,299.34,OK,0.075,True,,False,True,False,False,0.0,True,60,High (50–80%)
INV2025-0295,FL,18423.94,0.08,1381.8,2020-SalesUseTaxPayable,1381.8,OK,0.075,True,,False,True,False,False,0.0,True,60,High (50–80%)
INV2025-0296,FL,12242.33,0.08,918.17,2020-SalesUseTaxPayable,918.17,OK,0.075,True,,False,True,False,False,0.0,True,60,High (50–80%)
INV2025-0314,FL,18541.85,0.08,1390.64,2020-SalesUseTaxPayable,1390.64,OK,0.075,True,,False,True,False,False,0.0,True,60,High (50–80%)
INV2025-0316,FL,1337.6,0.08,100.32,2020-SalesUseTaxPayable,100.32,OK,0.075,True,,False,True,False,False,0.0,True,60,High (50–80%)
INV2025-0319,FL,17306.21,0.08,2595.93,2020-SalesUseTaxPayable,1297.97,Mismatch,0.075,True,,False,True,False,False,1297.9599999999998,True,70,High (50–80%)
INV2025-0321,FL,1234.35,0.08,92.58,2020-SalesUseTaxPayable,92.58,OK,0.075,True,,False,True,False,False,0.0,True,60,High (50–80%)
INV2025-0322,FL,4478.36,0.08,335.88,2020-SalesUseTaxPayable,335.88,OK,0.075,True,,False,True,False,False,0.0,True,60,High (50–80%)
INV2025-0323,FL,21769.49,0.08,1632.71,2020-SalesUseTaxPayable,1632.71,OK,0.075,True,,False,True,False,False,0.0,True,60,High (50–80%)
INV2025-0324,FL,23643.05,0.08,1773.23,2020-SalesUseTaxPayable,1773.23,OK,0.075,True,,False,True,False,False,0.0,True,60,High (50–80%)
INV2025-0335,FL,21651.67,0.08,1623.88,2020-SalesUseTaxPayable,1623.88,OK,0.075,True,,False,True,False,False,0.0,True,60,High (50–80%)
INV2025-0337,FL,12179.04,0.08,913.43,2020-SalesUseTaxPayable,913.43,OK,0.075,True,,False,True,False,False,0.0,True,60,High (50–80%)
INV2025-0345,FL,20246.82,0.08,1518.51,2020-SalesUseTaxPayable,1518.51,OK,0.075,True,,False,True,False,False,0.0,True,60,High (50–80%)
INV2025-0346,FL,563.31,0.08,42.25,2020-SalesUseTaxPayable,42.25,OK,0.075,True,,False,True,False,False,0.0,True,60,High (50–80%)
INV2025-0277,FL,18015.64,0.09,1531.33,2020-SalesUseTaxPayable,1531.33,OK,0.065,False,,False,True,False,False,0.0,True,60,High (50–80%)
INV2025-0338,FL,946.7,0.09,89.94,2020-SalesUseTaxPayable,80.47,Mismatch,0.065,False,,False,True,False,False,9.469999999999999,True,70,High (50–80%)
INV2025-0177,FL,23997.33,0.09,2159.76,2020-SalesUseTaxPayable,2159.76,OK,0.07,False,,False,True,False,False,0.0,True,60,High (50–80%)
INV2025-0231,FL,15108.61,0.09,1359.77,2020-SalesUseTaxPayable,1359.77,OK,0.07,False,,False,True,False,False,0.0,True,60,High (50–80%)
INV2025-0312,FL,8756.58,0.09,788.09,2020-SalesUseTaxPayable,788.09,OK,0.07,False,,False,True,False,False,0.0,True,60,High (50–80%)
INV2025-0076,FL,17739.62,0.1,1685.26,2020-SalesUseTaxPayable,1685.26,OK,0.075,False,,False,True,False,False,0.0,True,60,High (50–80%)
INV2025-0114,FL,23543.03,0.1,2236.59,2020-SalesUseTaxPayable,2236.59,OK,0.075,False,,False,True,False,False,0.0,True,60,High (50–80%)
INV2025-0193,FL,11971.68,0.1,1137.31,2020-SalesUseTaxPayable,1137.31,OK,0.075,False,,False,True,False,False,0.0,True,60,High (50–80%)
INV2025-0265,FL,3646.99,0.1,346.46,2020-SalesUseTaxPayable,346.46,OK,0.075,False,,False,True,False,False,0.0,True,60,High (50–80%)
INV2025-0349,FL,10881.59,0.1,1033.75,2020-SalesUseTaxPayable,1033.75,OK,0.075,False,,False,True,False,False,0.0,True,60,High (50–80%)
